"Actual","Predicted","nPredictions"
" "," ","70887"
" ","	","415"
" ","అ","0"
" ","ం","3"
" ","క","1"
" ","ి","10"
" ","త","3"
" ","భ","0"
" ","ా","7"
" ","వ","0"
" ","మ","2"
" ","చ","0"
" ","్","29"
" ","డ","2"
" ","ు","12"
" ","ర","1"
" ","ై","0"
" ","న","5"
" ","శ","0"
" ","ె","0"
" ","ల","2"
" ","గ","0"
" ","ద","0"
" ","ష","0"
" ","య","1"
" ","ీ","1"
" ","ే","2"
" ","స","0"
" ","ో","4"
" ","ళ","0"
" ","జ","0"
" ","ట","0"
" ","ూ","2"
" ","ః","0"
" ","ప","0"
" ","ఖ","0"
" ","ధ","0"
" ","థ","0"
" ","బ","0"
" ","ణ","1"
" ","ఠ","0"
" ","ౌ","0"
" ","హ","0"
" ","ఞ","0"
" ","ఫ","0"
" ","ొ","0"
" ","ృ","0"
" ","ఘ","0"
" ","ఆ","0"
" ","ఢ","0"
" ","ఇ","0"
" ","ఈ","0"
" ","ఉ","0"
" ","ఛ","0"
" ","ఊ","0"
" ","ఋ","0"
" ","ఎ","0"
" ","ఏ","0"
" ","ఱ","0"
" ","ఐ","0"
" ","ఒ","0"
" ","ఓ","0"
" ","ఔ","0"
" ","ఝ","0"
" ","‌","0"
"	"," ","489"
"	","	","10454"
"	","అ","0"
"	","ం","16"
"	","క","10"
"	","ి","28"
"	","త","7"
"	","భ","1"
"	","ా","47"
"	","వ","1"
"	","మ","3"
"	","చ","1"
"	","్","80"
"	","డ","14"
"	","ు","79"
"	","ర","8"
"	","ై","5"
"	","న","24"
"	","శ","0"
"	","ె","2"
"	","ల","17"
"	","గ","7"
"	","ద","2"
"	","ష","2"
"	","య","5"
"	","ీ","14"
"	","ే","10"
"	","స","9"
"	","ో","27"
"	","ళ","0"
"	","జ","0"
"	","ట","0"
"	","ూ","0"
"	","ః","1"
"	","ప","0"
"	","ఖ","0"
"	","ధ","2"
"	","థ","0"
"	","బ","1"
"	","ణ","0"
"	","ఠ","0"
"	","ౌ","0"
"	","హ","0"
"	","ఞ","0"
"	","ఫ","0"
"	","ొ","0"
"	","ృ","0"
"	","ఘ","0"
"	","ఆ","0"
"	","ఢ","0"
"	","ఇ","0"
"	","ఈ","0"
"	","ఉ","0"
"	","ఛ","0"
"	","ఊ","0"
"	","ఋ","0"
"	","ఎ","0"
"	","ఏ","0"
"	","ఱ","0"
"	","ఐ","0"
"	","ఒ","0"
"	","ఓ","0"
"	","ఔ","0"
"	","ఝ","0"
"	","‌","0"
"అ"," ","0"
"అ","	","0"
"అ","అ","291"
"అ","ం","0"
"అ","క","0"
"అ","ి","0"
"అ","త","0"
"అ","భ","0"
"అ","ా","0"
"అ","వ","0"
"అ","మ","0"
"అ","చ","0"
"అ","్","0"
"అ","డ","0"
"అ","ు","0"
"అ","ర","0"
"అ","ై","0"
"అ","న","0"
"అ","శ","0"
"అ","ె","0"
"అ","ల","0"
"అ","గ","0"
"అ","ద","0"
"అ","ష","0"
"అ","య","1"
"అ","ీ","0"
"అ","ే","0"
"అ","స","1"
"అ","ో","1"
"అ","ళ","0"
"అ","జ","0"
"అ","ట","0"
"అ","ూ","0"
"అ","ః","0"
"అ","ప","0"
"అ","ఖ","0"
"అ","ధ","0"
"అ","థ","0"
"అ","బ","0"
"అ","ణ","0"
"అ","ఠ","0"
"అ","ౌ","0"
"అ","హ","0"
"అ","ఞ","0"
"అ","ఫ","0"
"అ","ొ","0"
"అ","ృ","0"
"అ","ఘ","0"
"అ","ఆ","43"
"అ","ఢ","0"
"అ","ఇ","0"
"అ","ఈ","0"
"అ","ఉ","0"
"అ","ఛ","0"
"అ","ఊ","0"
"అ","ఋ","0"
"అ","ఎ","1"
"అ","ఏ","0"
"అ","ఱ","0"
"అ","ఐ","0"
"అ","ఒ","0"
"అ","ఓ","0"
"అ","ఔ","0"
"అ","ఝ","0"
"అ","‌","0"
"ం"," ","1"
"ం","	","21"
"ం","అ","0"
"ం","ం","1719"
"ం","క","3"
"ం","ి","10"
"ం","త","18"
"ం","భ","0"
"ం","ా","15"
"ం","వ","2"
"ం","మ","9"
"ం","చ","4"
"ం","్","6"
"ం","డ","11"
"ం","ు","2"
"ం","ర","4"
"ం","ై","0"
"ం","న","16"
"ం","శ","1"
"ం","ె","0"
"ం","ల","11"
"ం","గ","14"
"ం","ద","4"
"ం","ష","0"
"ం","య","2"
"ం","ీ","0"
"ం","ే","0"
"ం","స","9"
"ం","ో","1"
"ం","ళ","0"
"ం","జ","10"
"ం","ట","3"
"ం","ూ","0"
"ం","ః","0"
"ం","ప","2"
"ం","ఖ","2"
"ం","ధ","3"
"ం","థ","0"
"ం","బ","0"
"ం","ణ","1"
"ం","ఠ","0"
"ం","ౌ","0"
"ం","హ","1"
"ం","ఞ","0"
"ం","ఫ","0"
"ం","ొ","2"
"ం","ృ","0"
"ం","ఘ","0"
"ం","ఆ","0"
"ం","ఢ","0"
"ం","ఇ","0"
"ం","ఈ","0"
"ం","ఉ","0"
"ం","ఛ","0"
"ం","ఊ","0"
"ం","ఋ","0"
"ం","ఎ","0"
"ం","ఏ","0"
"ం","ఱ","0"
"ం","ఐ","0"
"ం","ఒ","0"
"ం","ఓ","0"
"ం","ఔ","0"
"ం","ఝ","0"
"ం","‌","0"
"క"," ","0"
"క","	","8"
"క","అ","0"
"క","ం","4"
"క","క","1551"
"క","ి","32"
"క","త","1"
"క","భ","0"
"క","ా","9"
"క","వ","0"
"క","మ","0"
"క","చ","2"
"క","్","24"
"క","డ","2"
"క","ు","18"
"క","ర","1"
"క","ై","0"
"క","న","3"
"క","శ","0"
"క","ె","0"
"క","ల","10"
"క","గ","0"
"క","ద","1"
"క","ష","0"
"క","య","3"
"క","ీ","2"
"క","ే","2"
"క","స","6"
"క","ో","1"
"క","ళ","0"
"క","జ","2"
"క","ట","2"
"క","ూ","0"
"క","ః","0"
"క","ప","1"
"క","ఖ","0"
"క","ధ","1"
"క","థ","0"
"క","బ","0"
"క","ణ","0"
"క","ఠ","0"
"క","ౌ","0"
"క","హ","1"
"క","ఞ","0"
"క","ఫ","0"
"క","ొ","0"
"క","ృ","0"
"క","ఘ","0"
"క","ఆ","0"
"క","ఢ","0"
"క","ఇ","0"
"క","ఈ","0"
"క","ఉ","0"
"క","ఛ","0"
"క","ఊ","0"
"క","ఋ","0"
"క","ఎ","0"
"క","ఏ","0"
"క","ఱ","0"
"క","ఐ","0"
"క","ఒ","0"
"క","ఓ","0"
"క","ఔ","0"
"క","ఝ","0"
"క","‌","0"
"ి"," ","9"
"ి","	","32"
"ి","అ","0"
"ి","ం","5"
"ి","క","30"
"ి","ి","2781"
"ి","త","1"
"ి","భ","0"
"ి","ా","8"
"ి","వ","2"
"ి","మ","7"
"ి","చ","16"
"ి","్","21"
"ి","డ","3"
"ి","ు","6"
"ి","ర","16"
"ి","ై","4"
"ి","న","22"
"ి","శ","0"
"ి","ె","12"
"ి","ల","11"
"ి","గ","3"
"ి","ద","8"
"ి","ష","1"
"ి","య","8"
"ి","ీ","52"
"ి","ే","14"
"ి","స","6"
"ి","ో","5"
"ి","ళ","1"
"ి","జ","0"
"ి","ట","2"
"ి","ూ","1"
"ి","ః","1"
"ి","ప","3"
"ి","ఖ","0"
"ి","ధ","0"
"ి","థ","0"
"ి","బ","1"
"ి","ణ","3"
"ి","ఠ","0"
"ి","ౌ","0"
"ి","హ","0"
"ి","ఞ","0"
"ి","ఫ","0"
"ి","ొ","0"
"ి","ృ","0"
"ి","ఘ","0"
"ి","ఆ","0"
"ి","ఢ","0"
"ి","ఇ","0"
"ి","ఈ","0"
"ి","ఉ","0"
"ి","ఛ","0"
"ి","ఊ","0"
"ి","ఋ","0"
"ి","ఎ","0"
"ి","ఏ","0"
"ి","ఱ","0"
"ి","ఐ","0"
"ి","ఒ","0"
"ి","ఓ","0"
"ి","ఔ","0"
"ి","ఝ","0"
"ి","‌","0"
"త"," ","1"
"త","	","8"
"త","అ","0"
"త","ం","9"
"త","క","2"
"త","ి","21"
"త","త","1290"
"త","భ","0"
"త","ా","16"
"త","వ","1"
"త","మ","2"
"త","చ","1"
"త","్","24"
"త","డ","0"
"త","ు","3"
"త","ర","4"
"త","ై","0"
"త","న","1"
"త","శ","0"
"త","ె","1"
"త","ల","0"
"త","గ","0"
"త","ద","2"
"త","ష","0"
"త","య","6"
"త","ీ","0"
"త","ే","0"
"త","స","0"
"త","ో","7"
"త","ళ","0"
"త","జ","0"
"త","ట","39"
"త","ూ","0"
"త","ః","0"
"త","ప","0"
"త","ఖ","0"
"త","ధ","1"
"త","థ","11"
"త","బ","0"
"త","ణ","0"
"త","ఠ","10"
"త","ౌ","0"
"త","హ","0"
"త","ఞ","0"
"త","ఫ","0"
"త","ొ","0"
"త","ృ","0"
"త","ఘ","0"
"త","ఆ","0"
"త","ఢ","0"
"త","ఇ","0"
"త","ఈ","0"
"త","ఉ","0"
"త","ఛ","0"
"త","ఊ","0"
"త","ఋ","0"
"త","ఎ","0"
"త","ఏ","0"
"త","ఱ","0"
"త","ఐ","0"
"త","ఒ","0"
"త","ఓ","0"
"త","ఔ","0"
"త","ఝ","0"
"త","‌","0"
"భ"," ","0"
"భ","	","0"
"భ","అ","0"
"భ","ం","0"
"భ","క","0"
"భ","ి","0"
"భ","త","0"
"భ","భ","268"
"భ","ా","2"
"భ","వ","1"
"భ","మ","0"
"భ","చ","0"
"భ","్","0"
"భ","డ","0"
"భ","ు","0"
"భ","ర","0"
"భ","ై","0"
"భ","న","0"
"భ","శ","0"
"భ","ె","0"
"భ","ల","0"
"భ","గ","0"
"భ","ద","0"
"భ","ష","0"
"భ","య","0"
"భ","ీ","0"
"భ","ే","0"
"భ","స","0"
"భ","ో","0"
"భ","ళ","0"
"భ","జ","0"
"భ","ట","0"
"భ","ూ","0"
"భ","ః","0"
"భ","ప","0"
"భ","ఖ","0"
"భ","ధ","0"
"భ","థ","0"
"భ","బ","5"
"భ","ణ","0"
"భ","ఠ","0"
"భ","ౌ","0"
"భ","హ","0"
"భ","ఞ","0"
"భ","ఫ","0"
"భ","ొ","0"
"భ","ృ","0"
"భ","ఘ","0"
"భ","ఆ","0"
"భ","ఢ","0"
"భ","ఇ","0"
"భ","ఈ","0"
"భ","ఉ","0"
"భ","ఛ","0"
"భ","ఊ","0"
"భ","ఋ","0"
"భ","ఎ","0"
"భ","ఏ","0"
"భ","ఱ","0"
"భ","ఐ","0"
"భ","ఒ","0"
"భ","ఓ","0"
"భ","ఔ","0"
"భ","ఝ","0"
"భ","‌","0"
"ా"," ","19"
"ా","	","69"
"ా","అ","0"
"ా","ం","32"
"ా","క","11"
"ా","ి","6"
"ా","త","17"
"ా","భ","1"
"ా","ా","2502"
"ా","వ","21"
"ా","మ","17"
"ా","చ","4"
"ా","్","23"
"ా","డ","15"
"ా","ు","8"
"ా","ర","38"
"ా","ై","2"
"ా","న","45"
"ా","శ","6"
"ా","ె","3"
"ా","ల","75"
"ా","గ","20"
"ా","ద","13"
"ా","ష","2"
"ా","య","21"
"ా","ీ","1"
"ా","ే","6"
"ా","స","13"
"ా","ో","21"
"ా","ళ","1"
"ా","జ","23"
"ా","ట","11"
"ా","ూ","2"
"ా","ః","0"
"ా","ప","4"
"ా","ఖ","0"
"ా","ధ","3"
"ా","థ","2"
"ా","బ","3"
"ా","ణ","3"
"ా","ఠ","1"
"ా","ౌ","1"
"ా","హ","7"
"ా","ఞ","0"
"ా","ఫ","1"
"ా","ొ","9"
"ా","ృ","0"
"ా","ఘ","0"
"ా","ఆ","0"
"ా","ఢ","0"
"ా","ఇ","0"
"ా","ఈ","0"
"ా","ఉ","0"
"ా","ఛ","0"
"ా","ఊ","0"
"ా","ఋ","0"
"ా","ఎ","0"
"ా","ఏ","0"
"ా","ఱ","0"
"ా","ఐ","0"
"ా","ఒ","0"
"ా","ఓ","0"
"ా","ఔ","0"
"ా","ఝ","0"
"ా","‌","0"
"వ"," ","0"
"వ","	","6"
"వ","అ","0"
"వ","ం","3"
"వ","క","0"
"వ","ి","0"
"వ","త","0"
"వ","భ","1"
"వ","ా","22"
"వ","వ","1062"
"వ","మ","0"
"వ","చ","0"
"వ","్","6"
"వ","డ","0"
"వ","ు","8"
"వ","ర","2"
"వ","ై","1"
"వ","న","1"
"వ","శ","0"
"వ","ె","0"
"వ","ల","0"
"వ","గ","0"
"వ","ద","0"
"వ","ష","0"
"వ","య","0"
"వ","ీ","2"
"వ","ే","4"
"వ","స","0"
"వ","ో","4"
"వ","ళ","0"
"వ","జ","0"
"వ","ట","1"
"వ","ూ","0"
"వ","ః","0"
"వ","ప","1"
"వ","ఖ","0"
"వ","ధ","1"
"వ","థ","0"
"వ","బ","1"
"వ","ణ","0"
"వ","ఠ","0"
"వ","ౌ","0"
"వ","హ","0"
"వ","ఞ","0"
"వ","ఫ","0"
"వ","ొ","0"
"వ","ృ","0"
"వ","ఘ","0"
"వ","ఆ","0"
"వ","ఢ","0"
"వ","ఇ","0"
"వ","ఈ","0"
"వ","ఉ","3"
"వ","ఛ","0"
"వ","ఊ","0"
"వ","ఋ","0"
"వ","ఎ","0"
"వ","ఏ","0"
"వ","ఱ","0"
"వ","ఐ","0"
"వ","ఒ","0"
"వ","ఓ","1"
"వ","ఔ","0"
"వ","ఝ","0"
"వ","‌","0"
"మ"," ","0"
"మ","	","2"
"మ","అ","0"
"మ","ం","27"
"మ","క","3"
"మ","ి","5"
"మ","త","0"
"మ","భ","0"
"మ","ా","19"
"మ","వ","0"
"మ","మ","1079"
"మ","చ","0"
"మ","్","12"
"మ","డ","0"
"మ","ు","14"
"మ","ర","6"
"మ","ై","4"
"మ","న","2"
"మ","శ","0"
"మ","ె","1"
"మ","ల","1"
"మ","గ","1"
"మ","ద","0"
"మ","ష","2"
"మ","య","4"
"మ","ీ","1"
"మ","ే","0"
"మ","స","3"
"మ","ో","0"
"మ","ళ","0"
"మ","జ","0"
"మ","ట","0"
"మ","ూ","0"
"మ","ః","0"
"మ","ప","0"
"మ","ఖ","0"
"మ","ధ","1"
"మ","థ","0"
"మ","బ","0"
"మ","ణ","2"
"మ","ఠ","0"
"మ","ౌ","0"
"మ","హ","5"
"మ","ఞ","0"
"మ","ఫ","0"
"మ","ొ","0"
"మ","ృ","0"
"మ","ఘ","0"
"మ","ఆ","0"
"మ","ఢ","0"
"మ","ఇ","0"
"మ","ఈ","0"
"మ","ఉ","0"
"మ","ఛ","0"
"మ","ఊ","0"
"మ","ఋ","0"
"మ","ఎ","0"
"మ","ఏ","0"
"మ","ఱ","0"
"మ","ఐ","0"
"మ","ఒ","0"
"మ","ఓ","0"
"మ","ఔ","0"
"మ","ఝ","0"
"మ","‌","0"
"చ"," ","0"
"చ","	","1"
"చ","అ","0"
"చ","ం","2"
"చ","క","0"
"చ","ి","5"
"చ","త","0"
"చ","భ","0"
"చ","ా","1"
"చ","వ","0"
"చ","మ","0"
"చ","చ","909"
"చ","్","5"
"చ","డ","0"
"చ","ు","1"
"చ","ర","13"
"చ","ై","0"
"చ","న","3"
"చ","శ","0"
"చ","ె","0"
"చ","ల","0"
"చ","గ","0"
"చ","ద","0"
"చ","ష","0"
"చ","య","0"
"చ","ీ","1"
"చ","ే","1"
"చ","స","0"
"చ","ో","0"
"చ","ళ","0"
"చ","జ","0"
"చ","ట","0"
"చ","ూ","0"
"చ","ః","0"
"చ","ప","0"
"చ","ఖ","0"
"చ","ధ","0"
"చ","థ","0"
"చ","బ","0"
"చ","ణ","1"
"చ","ఠ","0"
"చ","ౌ","0"
"చ","హ","1"
"చ","ఞ","0"
"చ","ఫ","0"
"చ","ొ","0"
"చ","ృ","0"
"చ","ఘ","0"
"చ","ఆ","0"
"చ","ఢ","0"
"చ","ఇ","0"
"చ","ఈ","0"
"చ","ఉ","0"
"చ","ఛ","5"
"చ","ఊ","0"
"చ","ఋ","0"
"చ","ఎ","0"
"చ","ఏ","0"
"చ","ఱ","0"
"చ","ఐ","0"
"చ","ఒ","0"
"చ","ఓ","0"
"చ","ఔ","0"
"చ","ఝ","0"
"చ","‌","0"
"్"," ","26"
"్","	","74"
"్","అ","0"
"్","ం","8"
"్","క","10"
"్","ి","12"
"్","త","42"
"్","భ","0"
"్","ా","16"
"్","వ","4"
"్","మ","7"
"్","చ","3"
"్","్","3316"
"్","డ","14"
"్","ు","14"
"్","ర","39"
"్","ై","0"
"్","న","37"
"్","శ","1"
"్","ె","6"
"్","ల","44"
"్","గ","0"
"్","ద","11"
"్","ష","14"
"్","య","16"
"్","ీ","2"
"్","ే","6"
"్","స","32"
"్","ో","4"
"్","ళ","2"
"్","జ","0"
"్","ట","18"
"్","ూ","1"
"్","ః","0"
"్","ప","6"
"్","ఖ","4"
"్","ధ","1"
"్","థ","0"
"్","బ","3"
"్","ణ","0"
"్","ఠ","0"
"్","ౌ","0"
"్","హ","0"
"్","ఞ","0"
"్","ఫ","0"
"్","ొ","0"
"్","ృ","4"
"్","ఘ","1"
"్","ఆ","0"
"్","ఢ","0"
"్","ఇ","0"
"్","ఈ","0"
"్","ఉ","0"
"్","ఛ","0"
"్","ఊ","0"
"్","ఋ","0"
"్","ఎ","0"
"్","ఏ","0"
"్","ఱ","0"
"్","ఐ","0"
"్","ఒ","0"
"్","ఓ","0"
"్","ఔ","0"
"్","ఝ","0"
"్","‌","0"
"డ"," ","1"
"డ","	","7"
"డ","అ","0"
"డ","ం","8"
"డ","క","0"
"డ","ి","7"
"డ","త","3"
"డ","భ","0"
"డ","ా","23"
"డ","వ","0"
"డ","మ","1"
"డ","చ","1"
"డ","్","4"
"డ","డ","714"
"డ","ు","17"
"డ","ర","1"
"డ","ై","5"
"డ","న","2"
"డ","శ","0"
"డ","ె","1"
"డ","ల","1"
"డ","గ","0"
"డ","ద","105"
"డ","ష","0"
"డ","య","1"
"డ","ీ","0"
"డ","ే","4"
"డ","స","0"
"డ","ో","0"
"డ","ళ","0"
"డ","జ","0"
"డ","ట","0"
"డ","ూ","0"
"డ","ః","0"
"డ","ప","6"
"డ","ఖ","0"
"డ","ధ","0"
"డ","థ","0"
"డ","బ","0"
"డ","ణ","0"
"డ","ఠ","0"
"డ","ౌ","0"
"డ","హ","0"
"డ","ఞ","0"
"డ","ఫ","0"
"డ","ొ","0"
"డ","ృ","0"
"డ","ఘ","0"
"డ","ఆ","0"
"డ","ఢ","4"
"డ","ఇ","0"
"డ","ఈ","0"
"డ","ఉ","0"
"డ","ఛ","0"
"డ","ఊ","0"
"డ","ఋ","0"
"డ","ఎ","0"
"డ","ఏ","0"
"డ","ఱ","0"
"డ","ఐ","0"
"డ","ఒ","0"
"డ","ఓ","0"
"డ","ఔ","0"
"డ","ఝ","0"
"డ","‌","0"
"ు"," ","12"
"ు","	","85"
"ు","అ","0"
"ు","ం","6"
"ు","క","19"
"ు","ి","4"
"ు","త","8"
"ు","భ","1"
"ు","ా","3"
"ు","వ","2"
"ు","మ","11"
"ు","చ","2"
"ు","్","15"
"ు","డ","26"
"ు","ు","2281"
"ు","ర","13"
"ు","ై","0"
"ు","న","18"
"ు","శ","4"
"ు","ె","1"
"ు","ల","47"
"ు","గ","5"
"ు","ద","2"
"ు","ష","1"
"ు","య","2"
"ు","ీ","0"
"ు","ే","0"
"ు","స","9"
"ు","ో","4"
"ు","ళ","0"
"ు","జ","0"
"ు","ట","3"
"ు","ూ","15"
"ు","ః","0"
"ు","ప","8"
"ు","ఖ","0"
"ు","ధ","0"
"ు","థ","0"
"ు","బ","0"
"ు","ణ","1"
"ు","ఠ","0"
"ు","ౌ","0"
"ు","హ","1"
"ు","ఞ","0"
"ు","ఫ","0"
"ు","ొ","0"
"ు","ృ","0"
"ు","ఘ","0"
"ు","ఆ","0"
"ు","ఢ","0"
"ు","ఇ","0"
"ు","ఈ","0"
"ు","ఉ","0"
"ు","ఛ","0"
"ు","ఊ","0"
"ు","ఋ","0"
"ు","ఎ","0"
"ు","ఏ","0"
"ు","ఱ","0"
"ు","ఐ","0"
"ు","ఒ","0"
"ు","ఓ","0"
"ు","ఔ","0"
"ు","ఝ","0"
"ు","‌","0"
"ర"," ","1"
"ర","	","12"
"ర","అ","0"
"ర","ం","6"
"ర","క","4"
"ర","ి","12"
"ర","త","2"
"ర","భ","0"
"ర","ా","39"
"ర","వ","2"
"ర","మ","3"
"ర","చ","2"
"ర","్","57"
"ర","డ","0"
"ర","ు","3"
"ర","ర","2488"
"ర","ై","1"
"ర","న","2"
"ర","శ","0"
"ర","ె","7"
"ర","ల","3"
"ర","గ","0"
"ర","ద","1"
"ర","ష","0"
"ర","య","8"
"ర","ీ","1"
"ర","ే","1"
"ర","స","4"
"ర","ో","2"
"ర","ళ","0"
"ర","జ","0"
"ర","ట","6"
"ర","ూ","2"
"ర","ః","0"
"ర","ప","1"
"ర","ఖ","0"
"ర","ధ","0"
"ర","థ","0"
"ర","బ","0"
"ర","ణ","3"
"ర","ఠ","0"
"ర","ౌ","3"
"ర","హ","1"
"ర","ఞ","0"
"ర","ఫ","0"
"ర","ొ","0"
"ర","ృ","0"
"ర","ఘ","0"
"ర","ఆ","0"
"ర","ఢ","0"
"ర","ఇ","0"
"ర","ఈ","0"
"ర","ఉ","0"
"ర","ఛ","0"
"ర","ఊ","0"
"ర","ఋ","2"
"ర","ఎ","0"
"ర","ఏ","0"
"ర","ఱ","0"
"ర","ఐ","0"
"ర","ఒ","0"
"ర","ఓ","0"
"ర","ఔ","0"
"ర","ఝ","0"
"ర","‌","0"
"ై"," ","0"
"ై","	","5"
"ై","అ","0"
"ై","ం","0"
"ై","క","0"
"ై","ి","28"
"ై","త","0"
"ై","భ","0"
"ై","ా","7"
"ై","వ","0"
"ై","మ","9"
"ై","చ","0"
"ై","్","2"
"ై","డ","0"
"ై","ు","0"
"ై","ర","1"
"ై","ై","203"
"ై","న","8"
"ై","శ","1"
"ై","ె","3"
"ై","ల","0"
"ై","గ","0"
"ై","ద","0"
"ై","ష","0"
"ై","య","2"
"ై","ీ","5"
"ై","ే","2"
"ై","స","0"
"ై","ో","0"
"ై","ళ","0"
"ై","జ","0"
"ై","ట","0"
"ై","ూ","1"
"ై","ః","0"
"ై","ప","2"
"ై","ఖ","0"
"ై","ధ","0"
"ై","థ","0"
"ై","బ","0"
"ై","ణ","0"
"ై","ఠ","0"
"ై","ౌ","0"
"ై","హ","0"
"ై","ఞ","0"
"ై","ఫ","0"
"ై","ొ","0"
"ై","ృ","0"
"ై","ఘ","0"
"ై","ఆ","0"
"ై","ఢ","0"
"ై","ఇ","0"
"ై","ఈ","0"
"ై","ఉ","0"
"ై","ఛ","0"
"ై","ఊ","0"
"ై","ఋ","0"
"ై","ఎ","0"
"ై","ఏ","0"
"ై","ఱ","0"
"ై","ఐ","0"
"ై","ఒ","0"
"ై","ఓ","0"
"ై","ఔ","0"
"ై","ఝ","0"
"ై","‌","0"
"న"," ","3"
"న","	","23"
"న","అ","0"
"న","ం","9"
"న","క","6"
"న","ి","22"
"న","త","6"
"న","భ","0"
"న","ా","38"
"న","వ","9"
"న","మ","8"
"న","చ","1"
"న","్","42"
"న","డ","3"
"న","ు","24"
"న","ర","1"
"న","ై","6"
"న","న","2054"
"న","శ","0"
"న","ె","2"
"న","ల","6"
"న","గ","1"
"న","ద","5"
"న","ష","1"
"న","య","7"
"న","ీ","3"
"న","ే","5"
"న","స","6"
"న","ో","10"
"న","ళ","0"
"న","జ","1"
"న","ట","3"
"న","ూ","0"
"న","ః","0"
"న","ప","2"
"న","ఖ","0"
"న","ధ","1"
"న","థ","0"
"న","బ","0"
"న","ణ","23"
"న","ఠ","0"
"న","ౌ","0"
"న","హ","0"
"న","ఞ","2"
"న","ఫ","0"
"న","ొ","1"
"న","ృ","0"
"న","ఘ","0"
"న","ఆ","0"
"న","ఢ","0"
"న","ఇ","0"
"న","ఈ","0"
"న","ఉ","0"
"న","ఛ","0"
"న","ఊ","0"
"న","ఋ","0"
"న","ఎ","0"
"న","ఏ","0"
"న","ఱ","0"
"న","ఐ","0"
"న","ఒ","0"
"న","ఓ","0"
"న","ఔ","0"
"న","ఝ","0"
"న","‌","0"
"శ"," ","0"
"శ","	","0"
"శ","అ","0"
"శ","ం","4"
"శ","క","0"
"శ","ి","5"
"శ","త","0"
"శ","భ","0"
"శ","ా","9"
"శ","వ","0"
"శ","మ","0"
"శ","చ","0"
"శ","్","0"
"శ","డ","0"
"శ","ు","0"
"శ","ర","0"
"శ","ై","0"
"శ","న","0"
"శ","శ","302"
"శ","ె","0"
"శ","ల","0"
"శ","గ","0"
"శ","ద","0"
"శ","ష","9"
"శ","య","0"
"శ","ీ","0"
"శ","ే","1"
"శ","స","34"
"శ","ో","0"
"శ","ళ","0"
"శ","జ","0"
"శ","ట","0"
"శ","ూ","0"
"శ","ః","0"
"శ","ప","0"
"శ","ఖ","0"
"శ","ధ","0"
"శ","థ","0"
"శ","బ","0"
"శ","ణ","0"
"శ","ఠ","0"
"శ","ౌ","0"
"శ","హ","0"
"శ","ఞ","0"
"శ","ఫ","0"
"శ","ొ","0"
"శ","ృ","0"
"శ","ఘ","0"
"శ","ఆ","0"
"శ","ఢ","0"
"శ","ఇ","0"
"శ","ఈ","0"
"శ","ఉ","0"
"శ","ఛ","0"
"శ","ఊ","0"
"శ","ఋ","0"
"శ","ఎ","0"
"శ","ఏ","0"
"శ","ఱ","0"
"శ","ఐ","0"
"శ","ఒ","0"
"శ","ఓ","0"
"శ","ఔ","0"
"శ","ఝ","0"
"శ","‌","0"
"ె"," ","0"
"ె","	","0"
"ె","అ","0"
"ె","ం","3"
"ె","క","13"
"ె","ి","1"
"ె","త","0"
"ె","భ","0"
"ె","ా","6"
"ె","వ","0"
"ె","మ","1"
"ె","చ","0"
"ె","్","4"
"ె","డ","0"
"ె","ు","0"
"ె","ర","0"
"ె","ై","1"
"ె","న","9"
"ె","శ","0"
"ె","ె","261"
"ె","ల","0"
"ె","గ","1"
"ె","ద","0"
"ె","ష","0"
"ె","య","0"
"ె","ీ","1"
"ె","ే","29"
"ె","స","0"
"ె","ో","0"
"ె","ళ","0"
"ె","జ","0"
"ె","ట","0"
"ె","ూ","1"
"ె","ః","0"
"ె","ప","0"
"ె","ఖ","0"
"ె","ధ","0"
"ె","థ","0"
"ె","బ","0"
"ె","ణ","0"
"ె","ఠ","0"
"ె","ౌ","0"
"ె","హ","0"
"ె","ఞ","0"
"ె","ఫ","0"
"ె","ొ","1"
"ె","ృ","0"
"ె","ఘ","0"
"ె","ఆ","0"
"ె","ఢ","0"
"ె","ఇ","0"
"ె","ఈ","0"
"ె","ఉ","0"
"ె","ఛ","0"
"ె","ఊ","0"
"ె","ఋ","0"
"ె","ఎ","0"
"ె","ఏ","0"
"ె","ఱ","0"
"ె","ఐ","0"
"ె","ఒ","0"
"ె","ఓ","0"
"ె","ఔ","0"
"ె","ఝ","0"
"ె","‌","0"
"ల"," ","0"
"ల","	","26"
"ల","అ","0"
"ల","ం","16"
"ల","క","11"
"ల","ి","9"
"ల","త","4"
"ల","భ","0"
"ల","ా","49"
"ల","వ","1"
"ల","మ","2"
"ల","చ","0"
"ల","్","24"
"ల","డ","2"
"ల","ు","56"
"ల","ర","3"
"ల","ై","0"
"ల","న","14"
"ల","శ","0"
"ల","ె","7"
"ల","ల","1943"
"ల","గ","1"
"ల","ద","1"
"ల","ష","1"
"ల","య","7"
"ల","ీ","2"
"ల","ే","0"
"ల","స","0"
"ల","ో","43"
"ల","ళ","26"
"ల","జ","0"
"ల","ట","0"
"ల","ూ","0"
"ల","ః","0"
"ల","ప","3"
"ల","ఖ","0"
"ల","ధ","0"
"ల","థ","0"
"ల","బ","0"
"ల","ణ","0"
"ల","ఠ","0"
"ల","ౌ","0"
"ల","హ","0"
"ల","ఞ","0"
"ల","ఫ","0"
"ల","ొ","2"
"ల","ృ","0"
"ల","ఘ","0"
"ల","ఆ","0"
"ల","ఢ","0"
"ల","ఇ","0"
"ల","ఈ","0"
"ల","ఉ","0"
"ల","ఛ","0"
"ల","ఊ","0"
"ల","ఋ","0"
"ల","ఎ","0"
"ల","ఏ","0"
"ల","ఱ","0"
"ల","ఐ","0"
"ల","ఒ","0"
"ల","ఓ","0"
"ల","ఔ","0"
"ల","ఝ","0"
"ల","‌","0"
"గ"," ","0"
"గ","	","5"
"గ","అ","0"
"గ","ం","6"
"గ","క","0"
"గ","ి","4"
"గ","త","0"
"గ","భ","0"
"గ","ా","13"
"గ","వ","0"
"గ","మ","2"
"గ","చ","2"
"గ","్","7"
"గ","డ","0"
"గ","ు","5"
"గ","ర","0"
"గ","ై","0"
"గ","న","3"
"గ","శ","0"
"గ","ె","0"
"గ","ల","1"
"గ","గ","737"
"గ","ద","2"
"గ","ష","0"
"గ","య","0"
"గ","ీ","0"
"గ","ే","3"
"గ","స","1"
"గ","ో","2"
"గ","ళ","0"
"గ","జ","4"
"గ","ట","0"
"గ","ూ","0"
"గ","ః","0"
"గ","ప","0"
"గ","ఖ","0"
"గ","ధ","0"
"గ","థ","0"
"గ","బ","0"
"గ","ణ","1"
"గ","ఠ","0"
"గ","ౌ","1"
"గ","హ","1"
"గ","ఞ","0"
"గ","ఫ","0"
"గ","ొ","0"
"గ","ృ","0"
"గ","ఘ","0"
"గ","ఆ","0"
"గ","ఢ","0"
"గ","ఇ","0"
"గ","ఈ","0"
"గ","ఉ","0"
"గ","ఛ","0"
"గ","ఊ","0"
"గ","ఋ","0"
"గ","ఎ","0"
"గ","ఏ","0"
"గ","ఱ","0"
"గ","ఐ","0"
"గ","ఒ","0"
"గ","ఓ","0"
"గ","ఔ","0"
"గ","ఝ","0"
"గ","‌","0"
"ద"," ","0"
"ద","	","2"
"ద","అ","0"
"ద","ం","6"
"ద","క","0"
"ద","ి","4"
"ద","త","1"
"ద","భ","0"
"ద","ా","23"
"ద","వ","1"
"ద","మ","0"
"ద","చ","0"
"ద","్","3"
"ద","డ","107"
"ద","ు","9"
"ద","ర","3"
"ద","ై","1"
"ద","న","2"
"ద","శ","1"
"ద","ె","0"
"ద","ల","2"
"ద","గ","4"
"ద","ద","806"
"ద","ష","0"
"ద","య","0"
"ద","ీ","0"
"ద","ే","4"
"ద","స","0"
"ద","ో","0"
"ద","ళ","0"
"ద","జ","0"
"ద","ట","0"
"ద","ూ","0"
"ద","ః","0"
"ద","ప","0"
"ద","ఖ","0"
"ద","ధ","24"
"ద","థ","2"
"ద","బ","0"
"ద","ణ","0"
"ద","ఠ","0"
"ద","ౌ","0"
"ద","హ","0"
"ద","ఞ","0"
"ద","ఫ","0"
"ద","ొ","0"
"ద","ృ","0"
"ద","ఘ","0"
"ద","ఆ","0"
"ద","ఢ","0"
"ద","ఇ","0"
"ద","ఈ","0"
"ద","ఉ","0"
"ద","ఛ","0"
"ద","ఊ","0"
"ద","ఋ","0"
"ద","ఎ","0"
"ద","ఏ","0"
"ద","ఱ","0"
"ద","ఐ","0"
"ద","ఒ","0"
"ద","ఓ","0"
"ద","ఔ","0"
"ద","ఝ","0"
"ద","‌","0"
"ష"," ","0"
"ష","	","2"
"ష","అ","0"
"ష","ం","0"
"ష","క","1"
"ష","ి","2"
"ష","త","1"
"ష","భ","0"
"ష","ా","1"
"ష","వ","0"
"ష","మ","0"
"ష","చ","0"
"ష","్","8"
"ష","డ","0"
"ష","ు","3"
"ష","ర","0"
"ష","ై","0"
"ష","న","5"
"ష","శ","13"
"ష","ె","0"
"ష","ల","2"
"ష","గ","0"
"ష","ద","0"
"ష","ష","268"
"ష","య","2"
"ష","ీ","0"
"ష","ే","0"
"ష","స","10"
"ష","ో","0"
"ష","ళ","0"
"ష","జ","0"
"ష","ట","0"
"ష","ూ","0"
"ష","ః","0"
"ష","ప","0"
"ష","ఖ","0"
"ష","ధ","0"
"ష","థ","0"
"ష","బ","0"
"ష","ణ","0"
"ష","ఠ","0"
"ష","ౌ","0"
"ష","హ","0"
"ష","ఞ","0"
"ష","ఫ","0"
"ష","ొ","0"
"ష","ృ","0"
"ష","ఘ","0"
"ష","ఆ","0"
"ష","ఢ","0"
"ష","ఇ","0"
"ష","ఈ","0"
"ష","ఉ","0"
"ష","ఛ","0"
"ష","ఊ","0"
"ష","ఋ","0"
"ష","ఎ","0"
"ష","ఏ","0"
"ష","ఱ","0"
"ష","ఐ","0"
"ష","ఒ","0"
"ష","ఓ","0"
"ష","ఔ","0"
"ష","ఝ","0"
"ష","‌","0"
"య"," ","0"
"య","	","16"
"య","అ","0"
"య","ం","11"
"య","క","6"
"య","ి","5"
"య","త","1"
"య","భ","0"
"య","ా","27"
"య","వ","2"
"య","మ","2"
"య","చ","0"
"య","్","24"
"య","డ","2"
"య","ు","2"
"య","ర","3"
"య","ై","3"
"య","న","2"
"య","శ","0"
"య","ె","0"
"య","ల","5"
"య","గ","1"
"య","ద","0"
"య","ష","0"
"య","య","785"
"య","ీ","4"
"య","ే","1"
"య","స","7"
"య","ో","1"
"య","ళ","0"
"య","జ","0"
"య","ట","0"
"య","ూ","1"
"య","ః","0"
"య","ప","2"
"య","ఖ","0"
"య","ధ","0"
"య","థ","0"
"య","బ","2"
"య","ణ","0"
"య","ఠ","0"
"య","ౌ","0"
"య","హ","0"
"య","ఞ","0"
"య","ఫ","0"
"య","ొ","0"
"య","ృ","0"
"య","ఘ","0"
"య","ఆ","0"
"య","ఢ","0"
"య","ఇ","1"
"య","ఈ","0"
"య","ఉ","0"
"య","ఛ","0"
"య","ఊ","0"
"య","ఋ","0"
"య","ఎ","1"
"య","ఏ","1"
"య","ఱ","0"
"య","ఐ","0"
"య","ఒ","0"
"య","ఓ","0"
"య","ఔ","0"
"య","ఝ","0"
"య","‌","0"
"ీ"," ","1"
"ీ","	","14"
"ీ","అ","0"
"ీ","ం","0"
"ీ","క","0"
"ీ","ి","98"
"ీ","త","0"
"ీ","భ","0"
"ీ","ా","0"
"ీ","వ","2"
"ీ","మ","0"
"ీ","చ","0"
"ీ","్","9"
"ీ","డ","3"
"ీ","ు","0"
"ీ","ర","10"
"ీ","ై","4"
"ీ","న","8"
"ీ","శ","2"
"ీ","ె","4"
"ీ","ల","5"
"ీ","గ","0"
"ీ","ద","0"
"ీ","ష","0"
"ీ","య","2"
"ీ","ీ","423"
"ీ","ే","47"
"ీ","స","1"
"ీ","ో","2"
"ీ","ళ","0"
"ీ","జ","0"
"ీ","ట","0"
"ీ","ూ","0"
"ీ","ః","0"
"ీ","ప","0"
"ీ","ఖ","0"
"ీ","ధ","0"
"ీ","థ","0"
"ీ","బ","1"
"ీ","ణ","0"
"ీ","ఠ","0"
"ీ","ౌ","0"
"ీ","హ","0"
"ీ","ఞ","0"
"ీ","ఫ","0"
"ీ","ొ","0"
"ీ","ృ","0"
"ీ","ఘ","0"
"ీ","ఆ","0"
"ీ","ఢ","0"
"ీ","ఇ","0"
"ీ","ఈ","0"
"ీ","ఉ","0"
"ీ","ఛ","0"
"ీ","ఊ","0"
"ీ","ఋ","0"
"ీ","ఎ","0"
"ీ","ఏ","1"
"ీ","ఱ","0"
"ీ","ఐ","0"
"ీ","ఒ","0"
"ీ","ఓ","0"
"ీ","ఔ","0"
"ీ","ఝ","0"
"ీ","‌","0"
"ే"," ","1"
"ే","	","9"
"ే","అ","0"
"ే","ం","4"
"ే","క","2"
"ే","ి","6"
"ే","త","1"
"ే","భ","0"
"ే","ా","10"
"ే","వ","5"
"ే","మ","3"
"ే","చ","0"
"ే","్","10"
"ే","డ","1"
"ే","ు","0"
"ే","ర","2"
"ే","ై","1"
"ే","న","8"
"ే","శ","2"
"ే","ె","54"
"ే","ల","6"
"ే","గ","0"
"ే","ద","3"
"ే","ష","2"
"ే","య","3"
"ే","ీ","39"
"ే","ే","699"
"ే","స","0"
"ే","ో","1"
"ే","ళ","0"
"ే","జ","1"
"ే","ట","2"
"ే","ూ","0"
"ే","ః","0"
"ే","ప","1"
"ే","ఖ","0"
"ే","ధ","0"
"ే","థ","0"
"ే","బ","0"
"ే","ణ","0"
"ే","ఠ","0"
"ే","ౌ","0"
"ే","హ","0"
"ే","ఞ","0"
"ే","ఫ","0"
"ే","ొ","0"
"ే","ృ","0"
"ే","ఘ","0"
"ే","ఆ","0"
"ే","ఢ","0"
"ే","ఇ","0"
"ే","ఈ","0"
"ే","ఉ","0"
"ే","ఛ","0"
"ే","ఊ","0"
"ే","ఋ","0"
"ే","ఎ","0"
"ే","ఏ","0"
"ే","ఱ","0"
"ే","ఐ","0"
"ే","ఒ","0"
"ే","ఓ","0"
"ే","ఔ","0"
"ే","ఝ","0"
"ే","‌","0"
"స"," ","0"
"స","	","4"
"స","అ","0"
"స","ం","1"
"స","క","1"
"స","ి","0"
"స","త","0"
"స","భ","0"
"స","ా","28"
"స","వ","4"
"స","మ","1"
"స","చ","0"
"స","్","34"
"స","డ","0"
"స","ు","6"
"స","ర","2"
"స","ై","0"
"స","న","0"
"స","శ","47"
"స","ె","1"
"స","ల","2"
"స","గ","0"
"స","ద","0"
"స","ష","4"
"స","య","8"
"స","ీ","3"
"స","ే","5"
"స","స","939"
"స","ో","0"
"స","ళ","0"
"స","జ","0"
"స","ట","0"
"స","ూ","0"
"స","ః","0"
"స","ప","0"
"స","ఖ","0"
"స","ధ","0"
"స","థ","0"
"స","బ","0"
"స","ణ","0"
"స","ఠ","0"
"స","ౌ","0"
"స","హ","0"
"స","ఞ","0"
"స","ఫ","0"
"స","ొ","0"
"స","ృ","0"
"స","ఘ","0"
"స","ఆ","0"
"స","ఢ","0"
"స","ఇ","0"
"స","ఈ","0"
"స","ఉ","0"
"స","ఛ","0"
"స","ఊ","0"
"స","ఋ","0"
"స","ఎ","0"
"స","ఏ","0"
"స","ఱ","0"
"స","ఐ","0"
"స","ఒ","0"
"స","ఓ","0"
"స","ఔ","0"
"స","ఝ","0"
"స","‌","0"
"ో"," ","9"
"ో","	","41"
"ో","అ","0"
"ో","ం","0"
"ో","క","0"
"ో","ి","5"
"ో","త","3"
"ో","భ","0"
"ో","ా","5"
"ో","వ","2"
"ో","మ","1"
"ో","చ","2"
"ో","్","5"
"ో","డ","1"
"ో","ు","0"
"ో","ర","4"
"ో","ై","0"
"ో","న","2"
"ో","శ","0"
"ో","ె","1"
"ో","ల","28"
"ో","గ","0"
"ో","ద","1"
"ో","ష","0"
"ో","య","2"
"ో","ీ","0"
"ో","ే","5"
"ో","స","0"
"ో","ో","916"
"ో","ళ","0"
"ో","జ","0"
"ో","ట","1"
"ో","ూ","33"
"ో","ః","0"
"ో","ప","1"
"ో","ఖ","0"
"ో","ధ","0"
"ో","థ","0"
"ో","బ","0"
"ో","ణ","0"
"ో","ఠ","0"
"ో","ౌ","0"
"ో","హ","1"
"ో","ఞ","0"
"ో","ఫ","0"
"ో","ొ","27"
"ో","ృ","0"
"ో","ఘ","0"
"ో","ఆ","0"
"ో","ఢ","0"
"ో","ఇ","0"
"ో","ఈ","0"
"ో","ఉ","0"
"ో","ఛ","0"
"ో","ఊ","0"
"ో","ఋ","0"
"ో","ఎ","0"
"ో","ఏ","0"
"ో","ఱ","0"
"ో","ఐ","0"
"ో","ఒ","0"
"ో","ఓ","0"
"ో","ఔ","0"
"ో","ఝ","0"
"ో","‌","0"
"ళ"," ","1"
"ళ","	","3"
"ళ","అ","0"
"ళ","ం","0"
"ళ","క","0"
"ళ","ి","0"
"ళ","త","0"
"ళ","భ","0"
"ళ","ా","0"
"ళ","వ","0"
"ళ","మ","0"
"ళ","చ","0"
"ళ","్","1"
"ళ","డ","0"
"ళ","ు","0"
"ళ","ర","0"
"ళ","ై","0"
"ళ","న","0"
"ళ","శ","0"
"ళ","ె","0"
"ళ","ల","35"
"ళ","గ","0"
"ళ","ద","0"
"ళ","ష","0"
"ళ","య","0"
"ళ","ీ","0"
"ళ","ే","0"
"ళ","స","0"
"ళ","ో","0"
"ళ","ళ","76"
"ళ","జ","0"
"ళ","ట","0"
"ళ","ూ","0"
"ళ","ః","0"
"ళ","ప","0"
"ళ","ఖ","0"
"ళ","ధ","0"
"ళ","థ","0"
"ళ","బ","0"
"ళ","ణ","0"
"ళ","ఠ","0"
"ళ","ౌ","0"
"ళ","హ","0"
"ళ","ఞ","0"
"ళ","ఫ","0"
"ళ","ొ","0"
"ళ","ృ","0"
"ళ","ఘ","0"
"ళ","ఆ","0"
"ళ","ఢ","0"
"ళ","ఇ","0"
"ళ","ఈ","0"
"ళ","ఉ","0"
"ళ","ఛ","0"
"ళ","ఊ","0"
"ళ","ఋ","0"
"ళ","ఎ","0"
"ళ","ఏ","0"
"ళ","ఱ","0"
"ళ","ఐ","0"
"ళ","ఒ","0"
"ళ","ఓ","0"
"ళ","ఔ","0"
"ళ","ఝ","0"
"ళ","‌","0"
"జ"," ","0"
"జ","	","0"
"జ","అ","0"
"జ","ం","1"
"జ","క","6"
"జ","ి","5"
"జ","త","0"
"జ","భ","0"
"జ","ా","1"
"జ","వ","0"
"జ","మ","7"
"జ","చ","0"
"జ","్","4"
"జ","డ","0"
"జ","ు","0"
"జ","ర","3"
"జ","ై","0"
"జ","న","1"
"జ","శ","0"
"జ","ె","6"
"జ","ల","0"
"జ","గ","7"
"జ","ద","0"
"జ","ష","0"
"జ","య","2"
"జ","ీ","2"
"జ","ే","0"
"జ","స","6"
"జ","ో","0"
"జ","ళ","0"
"జ","జ","291"
"జ","ట","0"
"జ","ూ","0"
"జ","ః","0"
"జ","ప","0"
"జ","ఖ","0"
"జ","ధ","0"
"జ","థ","0"
"జ","బ","0"
"జ","ణ","0"
"జ","ఠ","0"
"జ","ౌ","0"
"జ","హ","0"
"జ","ఞ","0"
"జ","ఫ","0"
"జ","ొ","0"
"జ","ృ","0"
"జ","ఘ","1"
"జ","ఆ","0"
"జ","ఢ","0"
"జ","ఇ","0"
"జ","ఈ","0"
"జ","ఉ","0"
"జ","ఛ","0"
"జ","ఊ","0"
"జ","ఋ","0"
"జ","ఎ","0"
"జ","ఏ","0"
"జ","ఱ","0"
"జ","ఐ","0"
"జ","ఒ","0"
"జ","ఓ","0"
"జ","ఔ","0"
"జ","ఝ","0"
"జ","‌","0"
"ట"," ","1"
"ట","	","4"
"ట","అ","0"
"ట","ం","1"
"ట","క","0"
"ట","ి","8"
"ట","త","93"
"ట","భ","0"
"ట","ా","6"
"ట","వ","0"
"ట","మ","0"
"ట","చ","0"
"ట","్","12"
"ట","డ","0"
"ట","ు","15"
"ట","ర","4"
"ట","ై","0"
"ట","న","0"
"ట","శ","0"
"ట","ె","0"
"ట","ల","1"
"ట","గ","0"
"ట","ద","0"
"ట","ష","0"
"ట","య","2"
"ట","ీ","2"
"ట","ే","2"
"ట","స","1"
"ట","ో","0"
"ట","ళ","0"
"ట","జ","0"
"ట","ట","494"
"ట","ూ","2"
"ట","ః","0"
"ట","ప","0"
"ట","ఖ","0"
"ట","ధ","0"
"ట","థ","0"
"ట","బ","0"
"ట","ణ","0"
"ట","ఠ","7"
"ట","ౌ","0"
"ట","హ","0"
"ట","ఞ","0"
"ట","ఫ","1"
"ట","ొ","0"
"ట","ృ","0"
"ట","ఘ","0"
"ట","ఆ","0"
"ట","ఢ","0"
"ట","ఇ","0"
"ట","ఈ","0"
"ట","ఉ","0"
"ట","ఛ","0"
"ట","ఊ","0"
"ట","ఋ","0"
"ట","ఎ","0"
"ట","ఏ","0"
"ట","ఱ","0"
"ట","ఐ","0"
"ట","ఒ","0"
"ట","ఓ","0"
"ట","ఔ","0"
"ట","ఝ","0"
"ట","‌","0"
"ూ"," ","3"
"ూ","	","2"
"ూ","అ","0"
"ూ","ం","0"
"ూ","క","0"
"ూ","ి","0"
"ూ","త","0"
"ూ","భ","0"
"ూ","ా","0"
"ూ","వ","0"
"ూ","మ","0"
"ూ","చ","0"
"ూ","్","0"
"ూ","డ","0"
"ూ","ు","43"
"ూ","ర","1"
"ూ","ై","0"
"ూ","న","1"
"ూ","శ","0"
"ూ","ె","0"
"ూ","ల","0"
"ూ","గ","0"
"ూ","ద","0"
"ూ","ష","1"
"ూ","య","0"
"ూ","ీ","0"
"ూ","ే","2"
"ూ","స","2"
"ూ","ో","31"
"ూ","ళ","0"
"ూ","జ","0"
"ూ","ట","0"
"ూ","ూ","252"
"ూ","ః","0"
"ూ","ప","1"
"ూ","ఖ","0"
"ూ","ధ","0"
"ూ","థ","0"
"ూ","బ","0"
"ూ","ణ","0"
"ూ","ఠ","0"
"ూ","ౌ","0"
"ూ","హ","0"
"ూ","ఞ","0"
"ూ","ఫ","0"
"ూ","ొ","0"
"ూ","ృ","0"
"ూ","ఘ","0"
"ూ","ఆ","0"
"ూ","ఢ","0"
"ూ","ఇ","0"
"ూ","ఈ","0"
"ూ","ఉ","0"
"ూ","ఛ","0"
"ూ","ఊ","0"
"ూ","ఋ","0"
"ూ","ఎ","0"
"ూ","ఏ","0"
"ూ","ఱ","0"
"ూ","ఐ","0"
"ూ","ఒ","0"
"ూ","ఓ","0"
"ూ","ఔ","0"
"ూ","ఝ","0"
"ూ","‌","0"
"ః"," ","0"
"ః","	","0"
"ః","అ","0"
"ః","ం","0"
"ః","క","0"
"ః","ి","0"
"ః","త","0"
"ః","భ","0"
"ః","ా","0"
"ః","వ","0"
"ః","మ","0"
"ః","చ","0"
"ః","్","0"
"ః","డ","0"
"ః","ు","0"
"ః","ర","0"
"ః","ై","0"
"ః","న","0"
"ః","శ","0"
"ః","ె","0"
"ః","ల","0"
"ః","గ","0"
"ః","ద","0"
"ః","ష","0"
"ః","య","0"
"ః","ీ","0"
"ః","ే","0"
"ః","స","0"
"ః","ో","0"
"ః","ళ","0"
"ః","జ","0"
"ః","ట","0"
"ః","ూ","0"
"ః","ః","0"
"ః","ప","0"
"ః","ఖ","0"
"ః","ధ","0"
"ః","థ","0"
"ః","బ","0"
"ః","ణ","0"
"ః","ఠ","0"
"ః","ౌ","0"
"ః","హ","0"
"ః","ఞ","0"
"ః","ఫ","0"
"ః","ొ","0"
"ః","ృ","0"
"ః","ఘ","0"
"ః","ఆ","0"
"ః","ఢ","0"
"ః","ఇ","0"
"ః","ఈ","0"
"ః","ఉ","0"
"ః","ఛ","0"
"ః","ఊ","0"
"ః","ఋ","0"
"ః","ఎ","0"
"ః","ఏ","0"
"ః","ఱ","0"
"ః","ఐ","0"
"ః","ఒ","0"
"ః","ఓ","0"
"ః","ఔ","0"
"ః","ఝ","0"
"ః","‌","0"
"ప"," ","0"
"ప","	","2"
"ప","అ","0"
"ప","ం","3"
"ప","క","1"
"ప","ి","0"
"ప","త","1"
"ప","భ","0"
"ప","ా","2"
"ప","వ","0"
"ప","మ","0"
"ప","చ","0"
"ప","్","6"
"ప","డ","6"
"ప","ు","6"
"ప","ర","0"
"ప","ై","4"
"ప","న","0"
"ప","శ","0"
"ప","ె","0"
"ప","ల","2"
"ప","గ","0"
"ప","ద","0"
"ప","ష","0"
"ప","య","0"
"ప","ీ","0"
"ప","ే","0"
"ప","స","0"
"ప","ో","0"
"ప","ళ","0"
"ప","జ","0"
"ప","ట","1"
"ప","ూ","0"
"ప","ః","0"
"ప","ప","1120"
"ప","ఖ","0"
"ప","ధ","0"
"ప","థ","0"
"ప","బ","0"
"ప","ణ","0"
"ప","ఠ","0"
"ప","ౌ","0"
"ప","హ","0"
"ప","ఞ","0"
"ప","ఫ","2"
"ప","ొ","0"
"ప","ృ","0"
"ప","ఘ","0"
"ప","ఆ","0"
"ప","ఢ","0"
"ప","ఇ","0"
"ప","ఈ","0"
"ప","ఉ","0"
"ప","ఛ","0"
"ప","ఊ","0"
"ప","ఋ","0"
"ప","ఎ","0"
"ప","ఏ","0"
"ప","ఱ","0"
"ప","ఐ","0"
"ప","ఒ","0"
"ప","ఓ","0"
"ప","ఔ","0"
"ప","ఝ","0"
"ప","‌","0"
"ఖ"," ","0"
"ఖ","	","0"
"ఖ","అ","0"
"ఖ","ం","0"
"ఖ","క","3"
"ఖ","ి","0"
"ఖ","త","0"
"ఖ","భ","0"
"ఖ","ా","7"
"ఖ","వ","0"
"ఖ","మ","0"
"ఖ","చ","0"
"ఖ","్","0"
"ఖ","డ","0"
"ఖ","ు","0"
"ఖ","ర","0"
"ఖ","ై","0"
"ఖ","న","0"
"ఖ","శ","0"
"ఖ","ె","0"
"ఖ","ల","0"
"ఖ","గ","0"
"ఖ","ద","0"
"ఖ","ష","0"
"ఖ","య","0"
"ఖ","ీ","0"
"ఖ","ే","0"
"ఖ","స","0"
"ఖ","ో","0"
"ఖ","ళ","0"
"ఖ","జ","0"
"ఖ","ట","0"
"ఖ","ూ","0"
"ఖ","ః","0"
"ఖ","ప","0"
"ఖ","ఖ","46"
"ఖ","ధ","0"
"ఖ","థ","0"
"ఖ","బ","0"
"ఖ","ణ","0"
"ఖ","ఠ","0"
"ఖ","ౌ","0"
"ఖ","హ","0"
"ఖ","ఞ","0"
"ఖ","ఫ","0"
"ఖ","ొ","0"
"ఖ","ృ","0"
"ఖ","ఘ","0"
"ఖ","ఆ","0"
"ఖ","ఢ","0"
"ఖ","ఇ","0"
"ఖ","ఈ","0"
"ఖ","ఉ","0"
"ఖ","ఛ","0"
"ఖ","ఊ","0"
"ఖ","ఋ","0"
"ఖ","ఎ","0"
"ఖ","ఏ","0"
"ఖ","ఱ","0"
"ఖ","ఐ","0"
"ఖ","ఒ","0"
"ఖ","ఓ","0"
"ఖ","ఔ","0"
"ఖ","ఝ","0"
"ఖ","‌","0"
"ధ"," ","0"
"ధ","	","1"
"ధ","అ","0"
"ధ","ం","1"
"ధ","క","0"
"ధ","ి","2"
"ధ","త","0"
"ధ","భ","0"
"ధ","ా","0"
"ధ","వ","1"
"ధ","మ","0"
"ధ","చ","0"
"ధ","్","8"
"ధ","డ","7"
"ధ","ు","0"
"ధ","ర","0"
"ధ","ై","0"
"ధ","న","1"
"ధ","శ","0"
"ధ","ె","0"
"ధ","ల","0"
"ధ","గ","0"
"ధ","ద","55"
"ధ","ష","0"
"ధ","య","0"
"ధ","ీ","0"
"ధ","ే","0"
"ధ","స","0"
"ధ","ో","0"
"ధ","ళ","0"
"ధ","జ","0"
"ధ","ట","0"
"ధ","ూ","0"
"ధ","ః","0"
"ధ","ప","0"
"ధ","ఖ","0"
"ధ","ధ","218"
"ధ","థ","3"
"ధ","బ","0"
"ధ","ణ","0"
"ధ","ఠ","0"
"ధ","ౌ","0"
"ధ","హ","0"
"ధ","ఞ","0"
"ధ","ఫ","0"
"ధ","ొ","0"
"ధ","ృ","0"
"ధ","ఘ","0"
"ధ","ఆ","0"
"ధ","ఢ","1"
"ధ","ఇ","0"
"ధ","ఈ","0"
"ధ","ఉ","0"
"ధ","ఛ","0"
"ధ","ఊ","0"
"ధ","ఋ","0"
"ధ","ఎ","0"
"ధ","ఏ","0"
"ధ","ఱ","0"
"ధ","ఐ","0"
"ధ","ఒ","0"
"ధ","ఓ","0"
"ధ","ఔ","0"
"ధ","ఝ","0"
"ధ","‌","0"
"థ"," ","0"
"థ","	","0"
"థ","అ","0"
"థ","ం","0"
"థ","క","0"
"థ","ి","0"
"థ","త","11"
"థ","భ","0"
"థ","ా","0"
"థ","వ","0"
"థ","మ","0"
"థ","చ","0"
"థ","్","5"
"థ","డ","0"
"థ","ు","0"
"థ","ర","0"
"థ","ై","0"
"థ","న","0"
"థ","శ","0"
"థ","ె","0"
"థ","ల","1"
"థ","గ","0"
"థ","ద","5"
"థ","ష","0"
"థ","య","0"
"థ","ీ","0"
"థ","ే","0"
"థ","స","0"
"థ","ో","1"
"థ","ళ","0"
"థ","జ","0"
"థ","ట","1"
"థ","ూ","0"
"థ","ః","0"
"థ","ప","0"
"థ","ఖ","0"
"థ","ధ","17"
"థ","థ","60"
"థ","బ","0"
"థ","ణ","1"
"థ","ఠ","0"
"థ","ౌ","0"
"థ","హ","0"
"థ","ఞ","0"
"థ","ఫ","0"
"థ","ొ","1"
"థ","ృ","0"
"థ","ఘ","0"
"థ","ఆ","0"
"థ","ఢ","0"
"థ","ఇ","0"
"థ","ఈ","0"
"థ","ఉ","0"
"థ","ఛ","0"
"థ","ఊ","0"
"థ","ఋ","0"
"థ","ఎ","0"
"థ","ఏ","0"
"థ","ఱ","0"
"థ","ఐ","0"
"థ","ఒ","0"
"థ","ఓ","0"
"థ","ఔ","0"
"థ","ఝ","0"
"థ","‌","0"
"బ"," ","0"
"బ","	","1"
"బ","అ","0"
"బ","ం","1"
"బ","క","0"
"బ","ి","1"
"బ","త","0"
"బ","భ","7"
"బ","ా","2"
"బ","వ","0"
"బ","మ","0"
"బ","చ","0"
"బ","్","2"
"బ","డ","0"
"బ","ు","0"
"బ","ర","0"
"బ","ై","0"
"బ","న","0"
"బ","శ","0"
"బ","ె","0"
"బ","ల","0"
"బ","గ","0"
"బ","ద","0"
"బ","ష","0"
"బ","య","0"
"బ","ీ","0"
"బ","ే","0"
"బ","స","1"
"బ","ో","0"
"బ","ళ","0"
"బ","జ","0"
"బ","ట","0"
"బ","ూ","0"
"బ","ః","0"
"బ","ప","0"
"బ","ఖ","0"
"బ","ధ","0"
"బ","థ","0"
"బ","బ","324"
"బ","ణ","0"
"బ","ఠ","0"
"బ","ౌ","0"
"బ","హ","0"
"బ","ఞ","0"
"బ","ఫ","0"
"బ","ొ","0"
"బ","ృ","0"
"బ","ఘ","0"
"బ","ఆ","0"
"బ","ఢ","0"
"బ","ఇ","0"
"బ","ఈ","0"
"బ","ఉ","0"
"బ","ఛ","0"
"బ","ఊ","0"
"బ","ఋ","0"
"బ","ఎ","0"
"బ","ఏ","0"
"బ","ఱ","0"
"బ","ఐ","0"
"బ","ఒ","0"
"బ","ఓ","1"
"బ","ఔ","0"
"బ","ఝ","0"
"బ","‌","0"
"ణ"," ","1"
"ణ","	","0"
"ణ","అ","0"
"ణ","ం","2"
"ణ","క","0"
"ణ","ి","0"
"ణ","త","0"
"ణ","భ","0"
"ణ","ా","5"
"ణ","వ","0"
"ణ","మ","3"
"ణ","చ","0"
"ణ","్","0"
"ణ","డ","0"
"ణ","ు","0"
"ణ","ర","1"
"ణ","ై","0"
"ణ","న","23"
"ణ","శ","1"
"ణ","ె","0"
"ణ","ల","0"
"ణ","గ","1"
"ణ","ద","0"
"ణ","ష","0"
"ణ","య","0"
"ణ","ీ","0"
"ణ","ే","1"
"ణ","స","0"
"ణ","ో","0"
"ణ","ళ","0"
"ణ","జ","0"
"ణ","ట","0"
"ణ","ూ","0"
"ణ","ః","0"
"ణ","ప","0"
"ణ","ఖ","0"
"ణ","ధ","0"
"ణ","థ","0"
"ణ","బ","0"
"ణ","ణ","193"
"ణ","ఠ","0"
"ణ","ౌ","0"
"ణ","హ","0"
"ణ","ఞ","0"
"ణ","ఫ","0"
"ణ","ొ","0"
"ణ","ృ","0"
"ణ","ఘ","0"
"ణ","ఆ","0"
"ణ","ఢ","0"
"ణ","ఇ","0"
"ణ","ఈ","0"
"ణ","ఉ","0"
"ణ","ఛ","0"
"ణ","ఊ","0"
"ణ","ఋ","0"
"ణ","ఎ","0"
"ణ","ఏ","0"
"ణ","ఱ","0"
"ణ","ఐ","0"
"ణ","ఒ","0"
"ణ","ఓ","0"
"ణ","ఔ","0"
"ణ","ఝ","0"
"ణ","‌","0"
"ఠ"," ","0"
"ఠ","	","0"
"ఠ","అ","0"
"ఠ","ం","0"
"ఠ","క","0"
"ఠ","ి","0"
"ఠ","త","11"
"ఠ","భ","0"
"ఠ","ా","0"
"ఠ","వ","0"
"ఠ","మ","0"
"ఠ","చ","0"
"ఠ","్","1"
"ఠ","డ","0"
"ఠ","ు","0"
"ఠ","ర","0"
"ఠ","ై","0"
"ఠ","న","0"
"ఠ","శ","0"
"ఠ","ె","0"
"ఠ","ల","0"
"ఠ","గ","0"
"ఠ","ద","0"
"ఠ","ష","0"
"ఠ","య","0"
"ఠ","ీ","0"
"ఠ","ే","0"
"ఠ","స","0"
"ఠ","ో","0"
"ఠ","ళ","0"
"ఠ","జ","0"
"ఠ","ట","3"
"ఠ","ూ","0"
"ఠ","ః","0"
"ఠ","ప","0"
"ఠ","ఖ","0"
"ఠ","ధ","0"
"ఠ","థ","0"
"ఠ","బ","0"
"ఠ","ణ","0"
"ఠ","ఠ","2"
"ఠ","ౌ","0"
"ఠ","హ","0"
"ఠ","ఞ","0"
"ఠ","ఫ","0"
"ఠ","ొ","0"
"ఠ","ృ","0"
"ఠ","ఘ","0"
"ఠ","ఆ","0"
"ఠ","ఢ","0"
"ఠ","ఇ","0"
"ఠ","ఈ","0"
"ఠ","ఉ","0"
"ఠ","ఛ","0"
"ఠ","ఊ","0"
"ఠ","ఋ","0"
"ఠ","ఎ","0"
"ఠ","ఏ","0"
"ఠ","ఱ","0"
"ఠ","ఐ","0"
"ఠ","ఒ","0"
"ఠ","ఓ","0"
"ఠ","ఔ","0"
"ఠ","ఝ","0"
"ఠ","‌","0"
"ౌ"," ","0"
"ౌ","	","0"
"ౌ","అ","0"
"ౌ","ం","3"
"ౌ","క","2"
"ౌ","ి","0"
"ౌ","త","0"
"ౌ","భ","0"
"ౌ","ా","6"
"ౌ","వ","0"
"ౌ","మ","0"
"ౌ","చ","0"
"ౌ","్","0"
"ౌ","డ","1"
"ౌ","ు","0"
"ౌ","ర","0"
"ౌ","ై","0"
"ౌ","న","0"
"ౌ","శ","0"
"ౌ","ె","0"
"ౌ","ల","0"
"ౌ","గ","2"
"ౌ","ద","0"
"ౌ","ష","0"
"ౌ","య","0"
"ౌ","ీ","0"
"ౌ","ే","0"
"ౌ","స","0"
"ౌ","ో","3"
"ౌ","ళ","0"
"ౌ","జ","0"
"ౌ","ట","0"
"ౌ","ూ","3"
"ౌ","ః","0"
"ౌ","ప","0"
"ౌ","ఖ","0"
"ౌ","ధ","0"
"ౌ","థ","0"
"ౌ","బ","0"
"ౌ","ణ","0"
"ౌ","ఠ","0"
"ౌ","ౌ","52"
"ౌ","హ","0"
"ౌ","ఞ","0"
"ౌ","ఫ","0"
"ౌ","ొ","1"
"ౌ","ృ","0"
"ౌ","ఘ","0"
"ౌ","ఆ","0"
"ౌ","ఢ","0"
"ౌ","ఇ","0"
"ౌ","ఈ","0"
"ౌ","ఉ","0"
"ౌ","ఛ","0"
"ౌ","ఊ","0"
"ౌ","ఋ","0"
"ౌ","ఎ","0"
"ౌ","ఏ","0"
"ౌ","ఱ","0"
"ౌ","ఐ","0"
"ౌ","ఒ","0"
"ౌ","ఓ","0"
"ౌ","ఔ","0"
"ౌ","ఝ","0"
"ౌ","‌","0"
"హ"," ","0"
"హ","	","0"
"హ","అ","0"
"హ","ం","1"
"హ","క","0"
"హ","ి","2"
"హ","త","0"
"హ","భ","0"
"హ","ా","5"
"హ","వ","1"
"హ","మ","0"
"హ","చ","0"
"హ","్","0"
"హ","డ","0"
"హ","ు","4"
"హ","ర","1"
"హ","ై","0"
"హ","న","0"
"హ","శ","0"
"హ","ె","0"
"హ","ల","0"
"హ","గ","0"
"హ","ద","0"
"హ","ష","0"
"హ","య","0"
"హ","ీ","0"
"హ","ే","0"
"హ","స","0"
"హ","ో","1"
"హ","ళ","0"
"హ","జ","0"
"హ","ట","0"
"హ","ూ","0"
"హ","ః","0"
"హ","ప","0"
"హ","ఖ","0"
"హ","ధ","0"
"హ","థ","0"
"హ","బ","0"
"హ","ణ","0"
"హ","ఠ","0"
"హ","ౌ","0"
"హ","హ","213"
"హ","ఞ","0"
"హ","ఫ","0"
"హ","ొ","0"
"హ","ృ","0"
"హ","ఘ","0"
"హ","ఆ","0"
"హ","ఢ","0"
"హ","ఇ","0"
"హ","ఈ","0"
"హ","ఉ","0"
"హ","ఛ","0"
"హ","ఊ","0"
"హ","ఋ","0"
"హ","ఎ","0"
"హ","ఏ","0"
"హ","ఱ","0"
"హ","ఐ","0"
"హ","ఒ","0"
"హ","ఓ","0"
"హ","ఔ","0"
"హ","ఝ","0"
"హ","‌","0"
"ఞ"," ","0"
"ఞ","	","0"
"ఞ","అ","0"
"ఞ","ం","0"
"ఞ","క","0"
"ఞ","ి","0"
"ఞ","త","0"
"ఞ","భ","0"
"ఞ","ా","1"
"ఞ","వ","0"
"ఞ","మ","0"
"ఞ","చ","0"
"ఞ","్","0"
"ఞ","డ","0"
"ఞ","ు","0"
"ఞ","ర","0"
"ఞ","ై","0"
"ఞ","న","1"
"ఞ","శ","0"
"ఞ","ె","0"
"ఞ","ల","0"
"ఞ","గ","0"
"ఞ","ద","0"
"ఞ","ష","0"
"ఞ","య","0"
"ఞ","ీ","0"
"ఞ","ే","0"
"ఞ","స","0"
"ఞ","ో","0"
"ఞ","ళ","0"
"ఞ","జ","0"
"ఞ","ట","0"
"ఞ","ూ","0"
"ఞ","ః","0"
"ఞ","ప","0"
"ఞ","ఖ","0"
"ఞ","ధ","0"
"ఞ","థ","0"
"ఞ","బ","0"
"ఞ","ణ","0"
"ఞ","ఠ","0"
"ఞ","ౌ","0"
"ఞ","హ","0"
"ఞ","ఞ","10"
"ఞ","ఫ","0"
"ఞ","ొ","0"
"ఞ","ృ","0"
"ఞ","ఘ","0"
"ఞ","ఆ","0"
"ఞ","ఢ","0"
"ఞ","ఇ","0"
"ఞ","ఈ","0"
"ఞ","ఉ","0"
"ఞ","ఛ","0"
"ఞ","ఊ","0"
"ఞ","ఋ","0"
"ఞ","ఎ","0"
"ఞ","ఏ","0"
"ఞ","ఱ","0"
"ఞ","ఐ","0"
"ఞ","ఒ","0"
"ఞ","ఓ","0"
"ఞ","ఔ","0"
"ఞ","ఝ","0"
"ఞ","‌","0"
"ఫ"," ","0"
"ఫ","	","0"
"ఫ","అ","0"
"ఫ","ం","0"
"ఫ","క","0"
"ఫ","ి","0"
"ఫ","త","0"
"ఫ","భ","0"
"ఫ","ా","0"
"ఫ","వ","0"
"ఫ","మ","0"
"ఫ","చ","0"
"ఫ","్","0"
"ఫ","డ","0"
"ఫ","ు","0"
"ఫ","ర","0"
"ఫ","ై","0"
"ఫ","న","0"
"ఫ","శ","0"
"ఫ","ె","0"
"ఫ","ల","0"
"ఫ","గ","0"
"ఫ","ద","0"
"ఫ","ష","0"
"ఫ","య","0"
"ఫ","ీ","0"
"ఫ","ే","0"
"ఫ","స","0"
"ఫ","ో","0"
"ఫ","ళ","0"
"ఫ","జ","0"
"ఫ","ట","0"
"ఫ","ూ","0"
"ఫ","ః","0"
"ఫ","ప","0"
"ఫ","ఖ","0"
"ఫ","ధ","0"
"ఫ","థ","0"
"ఫ","బ","0"
"ఫ","ణ","0"
"ఫ","ఠ","0"
"ఫ","ౌ","0"
"ఫ","హ","0"
"ఫ","ఞ","0"
"ఫ","ఫ","92"
"ఫ","ొ","0"
"ఫ","ృ","0"
"ఫ","ఘ","0"
"ఫ","ఆ","0"
"ఫ","ఢ","0"
"ఫ","ఇ","0"
"ఫ","ఈ","0"
"ఫ","ఉ","0"
"ఫ","ఛ","0"
"ఫ","ఊ","0"
"ఫ","ఋ","0"
"ఫ","ఎ","0"
"ఫ","ఏ","0"
"ఫ","ఱ","0"
"ఫ","ఐ","0"
"ఫ","ఒ","0"
"ఫ","ఓ","0"
"ఫ","ఔ","0"
"ఫ","ఝ","0"
"ఫ","‌","0"
"ొ"," ","0"
"ొ","	","0"
"ొ","అ","0"
"ొ","ం","0"
"ొ","క","1"
"ొ","ి","1"
"ొ","త","0"
"ొ","భ","0"
"ొ","ా","0"
"ొ","వ","0"
"ొ","మ","0"
"ొ","చ","0"
"ొ","్","0"
"ొ","డ","0"
"ొ","ు","1"
"ొ","ర","0"
"ొ","ై","0"
"ొ","న","0"
"ొ","శ","0"
"ొ","ె","1"
"ొ","ల","0"
"ొ","గ","1"
"ొ","ద","0"
"ొ","ష","0"
"ొ","య","0"
"ొ","ీ","0"
"ొ","ే","0"
"ొ","స","0"
"ొ","ో","16"
"ొ","ళ","0"
"ొ","జ","0"
"ొ","ట","0"
"ొ","ూ","0"
"ొ","ః","0"
"ొ","ప","0"
"ొ","ఖ","0"
"ొ","ధ","0"
"ొ","థ","0"
"ొ","బ","0"
"ొ","ణ","0"
"ొ","ఠ","0"
"ొ","ౌ","0"
"ొ","హ","0"
"ొ","ఞ","0"
"ొ","ఫ","0"
"ొ","ొ","92"
"ొ","ృ","0"
"ొ","ఘ","0"
"ొ","ఆ","0"
"ొ","ఢ","0"
"ొ","ఇ","0"
"ొ","ఈ","0"
"ొ","ఉ","0"
"ొ","ఛ","0"
"ొ","ఊ","0"
"ొ","ఋ","0"
"ొ","ఎ","0"
"ొ","ఏ","0"
"ొ","ఱ","0"
"ొ","ఐ","0"
"ొ","ఒ","0"
"ొ","ఓ","0"
"ొ","ఔ","0"
"ొ","ఝ","0"
"ొ","‌","0"
"ృ"," ","0"
"ృ","	","0"
"ృ","అ","0"
"ృ","ం","0"
"ృ","క","0"
"ృ","ి","0"
"ృ","త","0"
"ృ","భ","0"
"ృ","ా","0"
"ృ","వ","0"
"ృ","మ","0"
"ృ","చ","0"
"ృ","్","0"
"ృ","డ","0"
"ృ","ు","0"
"ృ","ర","0"
"ృ","ై","0"
"ృ","న","0"
"ృ","శ","0"
"ృ","ె","0"
"ృ","ల","0"
"ృ","గ","0"
"ృ","ద","0"
"ృ","ష","0"
"ృ","య","0"
"ృ","ీ","0"
"ృ","ే","0"
"ృ","స","0"
"ృ","ో","0"
"ృ","ళ","0"
"ృ","జ","0"
"ృ","ట","0"
"ృ","ూ","0"
"ృ","ః","0"
"ృ","ప","0"
"ృ","ఖ","0"
"ృ","ధ","0"
"ృ","థ","0"
"ృ","బ","0"
"ృ","ణ","0"
"ృ","ఠ","0"
"ృ","ౌ","0"
"ృ","హ","0"
"ృ","ఞ","0"
"ృ","ఫ","0"
"ృ","ొ","0"
"ృ","ృ","33"
"ృ","ఘ","0"
"ృ","ఆ","0"
"ృ","ఢ","0"
"ృ","ఇ","0"
"ృ","ఈ","0"
"ృ","ఉ","0"
"ృ","ఛ","0"
"ృ","ఊ","0"
"ృ","ఋ","0"
"ృ","ఎ","0"
"ృ","ఏ","0"
"ృ","ఱ","0"
"ృ","ఐ","0"
"ృ","ఒ","0"
"ృ","ఓ","0"
"ృ","ఔ","0"
"ృ","ఝ","0"
"ృ","‌","0"
"ఘ"," ","0"
"ఘ","	","0"
"ఘ","అ","0"
"ఘ","ం","0"
"ఘ","క","0"
"ఘ","ి","0"
"ఘ","త","0"
"ఘ","భ","0"
"ఘ","ా","0"
"ఘ","వ","0"
"ఘ","మ","0"
"ఘ","చ","0"
"ఘ","్","0"
"ఘ","డ","0"
"ఘ","ు","0"
"ఘ","ర","0"
"ఘ","ై","0"
"ఘ","న","0"
"ఘ","శ","0"
"ఘ","ె","0"
"ఘ","ల","0"
"ఘ","గ","5"
"ఘ","ద","0"
"ఘ","ష","0"
"ఘ","య","0"
"ఘ","ీ","0"
"ఘ","ే","0"
"ఘ","స","0"
"ఘ","ో","0"
"ఘ","ళ","0"
"ఘ","జ","1"
"ఘ","ట","0"
"ఘ","ూ","0"
"ఘ","ః","0"
"ఘ","ప","0"
"ఘ","ఖ","0"
"ఘ","ధ","0"
"ఘ","థ","0"
"ఘ","బ","0"
"ఘ","ణ","0"
"ఘ","ఠ","0"
"ఘ","ౌ","0"
"ఘ","హ","0"
"ఘ","ఞ","0"
"ఘ","ఫ","0"
"ఘ","ొ","0"
"ఘ","ృ","1"
"ఘ","ఘ","24"
"ఘ","ఆ","0"
"ఘ","ఢ","0"
"ఘ","ఇ","0"
"ఘ","ఈ","0"
"ఘ","ఉ","0"
"ఘ","ఛ","0"
"ఘ","ఊ","0"
"ఘ","ఋ","0"
"ఘ","ఎ","0"
"ఘ","ఏ","0"
"ఘ","ఱ","0"
"ఘ","ఐ","0"
"ఘ","ఒ","0"
"ఘ","ఓ","0"
"ఘ","ఔ","0"
"ఘ","ఝ","0"
"ఘ","‌","0"
"ఆ"," ","0"
"ఆ","	","0"
"ఆ","అ","10"
"ఆ","ం","0"
"ఆ","క","0"
"ఆ","ి","0"
"ఆ","త","0"
"ఆ","భ","0"
"ఆ","ా","0"
"ఆ","వ","0"
"ఆ","మ","0"
"ఆ","చ","0"
"ఆ","్","0"
"ఆ","డ","0"
"ఆ","ు","0"
"ఆ","ర","0"
"ఆ","ై","0"
"ఆ","న","0"
"ఆ","శ","0"
"ఆ","ె","0"
"ఆ","ల","0"
"ఆ","గ","0"
"ఆ","ద","0"
"ఆ","ష","0"
"ఆ","య","0"
"ఆ","ీ","0"
"ఆ","ే","0"
"ఆ","స","0"
"ఆ","ో","0"
"ఆ","ళ","0"
"ఆ","జ","0"
"ఆ","ట","0"
"ఆ","ూ","0"
"ఆ","ః","0"
"ఆ","ప","0"
"ఆ","ఖ","0"
"ఆ","ధ","0"
"ఆ","థ","0"
"ఆ","బ","0"
"ఆ","ణ","0"
"ఆ","ఠ","0"
"ఆ","ౌ","0"
"ఆ","హ","0"
"ఆ","ఞ","0"
"ఆ","ఫ","0"
"ఆ","ొ","0"
"ఆ","ృ","0"
"ఆ","ఘ","0"
"ఆ","ఆ","182"
"ఆ","ఢ","0"
"ఆ","ఇ","0"
"ఆ","ఈ","0"
"ఆ","ఉ","0"
"ఆ","ఛ","0"
"ఆ","ఊ","0"
"ఆ","ఋ","0"
"ఆ","ఎ","0"
"ఆ","ఏ","0"
"ఆ","ఱ","0"
"ఆ","ఐ","0"
"ఆ","ఒ","0"
"ఆ","ఓ","0"
"ఆ","ఔ","2"
"ఆ","ఝ","0"
"ఆ","‌","0"
"ఢ"," ","0"
"ఢ","	","0"
"ఢ","అ","0"
"ఢ","ం","0"
"ఢ","క","0"
"ఢ","ి","0"
"ఢ","త","0"
"ఢ","భ","0"
"ఢ","ా","0"
"ఢ","వ","0"
"ఢ","మ","0"
"ఢ","చ","0"
"ఢ","్","0"
"ఢ","డ","0"
"ఢ","ు","0"
"ఢ","ర","0"
"ఢ","ై","0"
"ఢ","న","0"
"ఢ","శ","0"
"ఢ","ె","0"
"ఢ","ల","0"
"ఢ","గ","0"
"ఢ","ద","6"
"ఢ","ష","0"
"ఢ","య","0"
"ఢ","ీ","0"
"ఢ","ే","0"
"ఢ","స","0"
"ఢ","ో","0"
"ఢ","ళ","0"
"ఢ","జ","0"
"ఢ","ట","0"
"ఢ","ూ","0"
"ఢ","ః","0"
"ఢ","ప","0"
"ఢ","ఖ","0"
"ఢ","ధ","0"
"ఢ","థ","0"
"ఢ","బ","0"
"ఢ","ణ","0"
"ఢ","ఠ","0"
"ఢ","ౌ","0"
"ఢ","హ","0"
"ఢ","ఞ","0"
"ఢ","ఫ","0"
"ఢ","ొ","0"
"ఢ","ృ","0"
"ఢ","ఘ","0"
"ఢ","ఆ","0"
"ఢ","ఢ","0"
"ఢ","ఇ","0"
"ఢ","ఈ","0"
"ఢ","ఉ","0"
"ఢ","ఛ","0"
"ఢ","ఊ","0"
"ఢ","ఋ","0"
"ఢ","ఎ","0"
"ఢ","ఏ","0"
"ఢ","ఱ","0"
"ఢ","ఐ","0"
"ఢ","ఒ","0"
"ఢ","ఓ","0"
"ఢ","ఔ","0"
"ఢ","ఝ","0"
"ఢ","‌","0"
"ఇ"," ","0"
"ఇ","	","0"
"ఇ","అ","0"
"ఇ","ం","0"
"ఇ","క","0"
"ఇ","ి","0"
"ఇ","త","0"
"ఇ","భ","0"
"ఇ","ా","0"
"ఇ","వ","0"
"ఇ","మ","0"
"ఇ","చ","0"
"ఇ","్","0"
"ఇ","డ","0"
"ఇ","ు","0"
"ఇ","ర","0"
"ఇ","ై","0"
"ఇ","న","0"
"ఇ","శ","0"
"ఇ","ె","0"
"ఇ","ల","0"
"ఇ","గ","0"
"ఇ","ద","0"
"ఇ","ష","0"
"ఇ","య","1"
"ఇ","ీ","0"
"ఇ","ే","0"
"ఇ","స","0"
"ఇ","ో","0"
"ఇ","ళ","0"
"ఇ","జ","0"
"ఇ","ట","0"
"ఇ","ూ","0"
"ఇ","ః","0"
"ఇ","ప","0"
"ఇ","ఖ","0"
"ఇ","ధ","0"
"ఇ","థ","0"
"ఇ","బ","0"
"ఇ","ణ","0"
"ఇ","ఠ","0"
"ఇ","ౌ","0"
"ఇ","హ","0"
"ఇ","ఞ","0"
"ఇ","ఫ","0"
"ఇ","ొ","0"
"ఇ","ృ","0"
"ఇ","ఘ","0"
"ఇ","ఆ","0"
"ఇ","ఢ","0"
"ఇ","ఇ","71"
"ఇ","ఈ","0"
"ఇ","ఉ","0"
"ఇ","ఛ","0"
"ఇ","ఊ","0"
"ఇ","ఋ","0"
"ఇ","ఎ","0"
"ఇ","ఏ","2"
"ఇ","ఱ","0"
"ఇ","ఐ","1"
"ఇ","ఒ","0"
"ఇ","ఓ","0"
"ఇ","ఔ","0"
"ఇ","ఝ","0"
"ఇ","‌","0"
"ఈ"," ","0"
"ఈ","	","0"
"ఈ","అ","0"
"ఈ","ం","0"
"ఈ","క","0"
"ఈ","ి","0"
"ఈ","త","0"
"ఈ","భ","0"
"ఈ","ా","0"
"ఈ","వ","0"
"ఈ","మ","0"
"ఈ","చ","0"
"ఈ","్","0"
"ఈ","డ","0"
"ఈ","ు","0"
"ఈ","ర","0"
"ఈ","ై","0"
"ఈ","న","0"
"ఈ","శ","0"
"ఈ","ె","0"
"ఈ","ల","0"
"ఈ","గ","0"
"ఈ","ద","0"
"ఈ","ష","0"
"ఈ","య","0"
"ఈ","ీ","0"
"ఈ","ే","0"
"ఈ","స","0"
"ఈ","ో","0"
"ఈ","ళ","0"
"ఈ","జ","0"
"ఈ","ట","0"
"ఈ","ూ","0"
"ఈ","ః","0"
"ఈ","ప","0"
"ఈ","ఖ","0"
"ఈ","ధ","0"
"ఈ","థ","0"
"ఈ","బ","0"
"ఈ","ణ","0"
"ఈ","ఠ","0"
"ఈ","ౌ","0"
"ఈ","హ","0"
"ఈ","ఞ","0"
"ఈ","ఫ","0"
"ఈ","ొ","0"
"ఈ","ృ","0"
"ఈ","ఘ","0"
"ఈ","ఆ","1"
"ఈ","ఢ","0"
"ఈ","ఇ","7"
"ఈ","ఈ","14"
"ఈ","ఉ","0"
"ఈ","ఛ","0"
"ఈ","ఊ","0"
"ఈ","ఋ","0"
"ఈ","ఎ","8"
"ఈ","ఏ","2"
"ఈ","ఱ","0"
"ఈ","ఐ","0"
"ఈ","ఒ","0"
"ఈ","ఓ","0"
"ఈ","ఔ","0"
"ఈ","ఝ","0"
"ఈ","‌","0"
"ఉ"," ","0"
"ఉ","	","0"
"ఉ","అ","0"
"ఉ","ం","0"
"ఉ","క","0"
"ఉ","ి","0"
"ఉ","త","0"
"ఉ","భ","0"
"ఉ","ా","0"
"ఉ","వ","0"
"ఉ","మ","0"
"ఉ","చ","0"
"ఉ","్","0"
"ఉ","డ","0"
"ఉ","ు","0"
"ఉ","ర","0"
"ఉ","ై","0"
"ఉ","న","0"
"ఉ","శ","0"
"ఉ","ె","0"
"ఉ","ల","0"
"ఉ","గ","0"
"ఉ","ద","0"
"ఉ","ష","0"
"ఉ","య","0"
"ఉ","ీ","0"
"ఉ","ే","0"
"ఉ","స","0"
"ఉ","ో","0"
"ఉ","ళ","0"
"ఉ","జ","0"
"ఉ","ట","0"
"ఉ","ూ","0"
"ఉ","ః","0"
"ఉ","ప","0"
"ఉ","ఖ","0"
"ఉ","ధ","0"
"ఉ","థ","0"
"ఉ","బ","0"
"ఉ","ణ","0"
"ఉ","ఠ","0"
"ఉ","ౌ","0"
"ఉ","హ","0"
"ఉ","ఞ","0"
"ఉ","ఫ","0"
"ఉ","ొ","0"
"ఉ","ృ","0"
"ఉ","ఘ","0"
"ఉ","ఆ","0"
"ఉ","ఢ","0"
"ఉ","ఇ","0"
"ఉ","ఈ","0"
"ఉ","ఉ","78"
"ఉ","ఛ","0"
"ఉ","ఊ","0"
"ఉ","ఋ","0"
"ఉ","ఎ","0"
"ఉ","ఏ","0"
"ఉ","ఱ","0"
"ఉ","ఐ","0"
"ఉ","ఒ","0"
"ఉ","ఓ","0"
"ఉ","ఔ","0"
"ఉ","ఝ","0"
"ఉ","‌","0"
"ఛ"," ","0"
"ఛ","	","0"
"ఛ","అ","0"
"ఛ","ం","0"
"ఛ","క","0"
"ఛ","ి","0"
"ఛ","త","0"
"ఛ","భ","0"
"ఛ","ా","0"
"ఛ","వ","0"
"ఛ","మ","0"
"ఛ","చ","0"
"ఛ","్","0"
"ఛ","డ","0"
"ఛ","ు","0"
"ఛ","ర","0"
"ఛ","ై","0"
"ఛ","న","0"
"ఛ","శ","0"
"ఛ","ె","0"
"ఛ","ల","0"
"ఛ","గ","0"
"ఛ","ద","0"
"ఛ","ష","0"
"ఛ","య","0"
"ఛ","ీ","0"
"ఛ","ే","0"
"ఛ","స","0"
"ఛ","ో","0"
"ఛ","ళ","0"
"ఛ","జ","0"
"ఛ","ట","0"
"ఛ","ూ","0"
"ఛ","ః","0"
"ఛ","ప","0"
"ఛ","ఖ","0"
"ఛ","ధ","0"
"ఛ","థ","0"
"ఛ","బ","0"
"ఛ","ణ","0"
"ఛ","ఠ","0"
"ఛ","ౌ","0"
"ఛ","హ","0"
"ఛ","ఞ","0"
"ఛ","ఫ","0"
"ఛ","ొ","0"
"ఛ","ృ","0"
"ఛ","ఘ","0"
"ఛ","ఆ","0"
"ఛ","ఢ","0"
"ఛ","ఇ","0"
"ఛ","ఈ","0"
"ఛ","ఉ","0"
"ఛ","ఛ","2"
"ఛ","ఊ","0"
"ఛ","ఋ","0"
"ఛ","ఎ","0"
"ఛ","ఏ","0"
"ఛ","ఱ","0"
"ఛ","ఐ","0"
"ఛ","ఒ","0"
"ఛ","ఓ","0"
"ఛ","ఔ","0"
"ఛ","ఝ","0"
"ఛ","‌","0"
"ఊ"," ","0"
"ఊ","	","0"
"ఊ","అ","0"
"ఊ","ం","0"
"ఊ","క","0"
"ఊ","ి","0"
"ఊ","త","0"
"ఊ","భ","0"
"ఊ","ా","0"
"ఊ","వ","0"
"ఊ","మ","0"
"ఊ","చ","0"
"ఊ","్","0"
"ఊ","డ","0"
"ఊ","ు","0"
"ఊ","ర","0"
"ఊ","ై","0"
"ఊ","న","0"
"ఊ","శ","0"
"ఊ","ె","0"
"ఊ","ల","0"
"ఊ","గ","0"
"ఊ","ద","0"
"ఊ","ష","0"
"ఊ","య","1"
"ఊ","ీ","0"
"ఊ","ే","0"
"ఊ","స","0"
"ఊ","ో","0"
"ఊ","ళ","0"
"ఊ","జ","0"
"ఊ","ట","0"
"ఊ","ూ","0"
"ఊ","ః","0"
"ఊ","ప","0"
"ఊ","ఖ","0"
"ఊ","ధ","0"
"ఊ","థ","0"
"ఊ","బ","0"
"ఊ","ణ","0"
"ఊ","ఠ","0"
"ఊ","ౌ","0"
"ఊ","హ","0"
"ఊ","ఞ","0"
"ఊ","ఫ","0"
"ఊ","ొ","0"
"ఊ","ృ","0"
"ఊ","ఘ","0"
"ఊ","ఆ","0"
"ఊ","ఢ","0"
"ఊ","ఇ","0"
"ఊ","ఈ","0"
"ఊ","ఉ","1"
"ఊ","ఛ","0"
"ఊ","ఊ","12"
"ఊ","ఋ","0"
"ఊ","ఎ","0"
"ఊ","ఏ","0"
"ఊ","ఱ","0"
"ఊ","ఐ","0"
"ఊ","ఒ","0"
"ఊ","ఓ","1"
"ఊ","ఔ","0"
"ఊ","ఝ","0"
"ఊ","‌","0"
"ఋ"," ","0"
"ఋ","	","0"
"ఋ","అ","0"
"ఋ","ం","0"
"ఋ","క","0"
"ఋ","ి","0"
"ఋ","త","0"
"ఋ","భ","0"
"ఋ","ా","0"
"ఋ","వ","0"
"ఋ","మ","0"
"ఋ","చ","0"
"ఋ","్","0"
"ఋ","డ","0"
"ఋ","ు","0"
"ఋ","ర","0"
"ఋ","ై","0"
"ఋ","న","0"
"ఋ","శ","0"
"ఋ","ె","0"
"ఋ","ల","0"
"ఋ","గ","0"
"ఋ","ద","0"
"ఋ","ష","0"
"ఋ","య","0"
"ఋ","ీ","0"
"ఋ","ే","0"
"ఋ","స","0"
"ఋ","ో","0"
"ఋ","ళ","0"
"ఋ","జ","0"
"ఋ","ట","0"
"ఋ","ూ","0"
"ఋ","ః","0"
"ఋ","ప","0"
"ఋ","ఖ","0"
"ఋ","ధ","0"
"ఋ","థ","0"
"ఋ","బ","0"
"ఋ","ణ","0"
"ఋ","ఠ","0"
"ఋ","ౌ","0"
"ఋ","హ","0"
"ఋ","ఞ","0"
"ఋ","ఫ","0"
"ఋ","ొ","0"
"ఋ","ృ","0"
"ఋ","ఘ","0"
"ఋ","ఆ","0"
"ఋ","ఢ","0"
"ఋ","ఇ","0"
"ఋ","ఈ","0"
"ఋ","ఉ","0"
"ఋ","ఛ","0"
"ఋ","ఊ","0"
"ఋ","ఋ","1"
"ఋ","ఎ","0"
"ఋ","ఏ","0"
"ఋ","ఱ","0"
"ఋ","ఐ","0"
"ఋ","ఒ","0"
"ఋ","ఓ","0"
"ఋ","ఔ","0"
"ఋ","ఝ","0"
"ఋ","‌","0"
"ఎ"," ","0"
"ఎ","	","0"
"ఎ","అ","6"
"ఎ","ం","0"
"ఎ","క","0"
"ఎ","ి","0"
"ఎ","త","0"
"ఎ","భ","0"
"ఎ","ా","0"
"ఎ","వ","0"
"ఎ","మ","0"
"ఎ","చ","0"
"ఎ","్","0"
"ఎ","డ","0"
"ఎ","ు","0"
"ఎ","ర","0"
"ఎ","ై","0"
"ఎ","న","0"
"ఎ","శ","0"
"ఎ","ె","0"
"ఎ","ల","0"
"ఎ","గ","0"
"ఎ","ద","0"
"ఎ","ష","0"
"ఎ","య","7"
"ఎ","ీ","0"
"ఎ","ే","0"
"ఎ","స","0"
"ఎ","ో","0"
"ఎ","ళ","0"
"ఎ","జ","0"
"ఎ","ట","0"
"ఎ","ూ","0"
"ఎ","ః","0"
"ఎ","ప","0"
"ఎ","ఖ","0"
"ఎ","ధ","0"
"ఎ","థ","0"
"ఎ","బ","0"
"ఎ","ణ","0"
"ఎ","ఠ","0"
"ఎ","ౌ","0"
"ఎ","హ","0"
"ఎ","ఞ","0"
"ఎ","ఫ","0"
"ఎ","ొ","0"
"ఎ","ృ","0"
"ఎ","ఘ","0"
"ఎ","ఆ","2"
"ఎ","ఢ","0"
"ఎ","ఇ","1"
"ఎ","ఈ","0"
"ఎ","ఉ","0"
"ఎ","ఛ","0"
"ఎ","ఊ","0"
"ఎ","ఋ","0"
"ఎ","ఎ","43"
"ఎ","ఏ","1"
"ఎ","ఱ","0"
"ఎ","ఐ","2"
"ఎ","ఒ","0"
"ఎ","ఓ","0"
"ఎ","ఔ","0"
"ఎ","ఝ","0"
"ఎ","‌","0"
"ఏ"," ","0"
"ఏ","	","0"
"ఏ","అ","8"
"ఏ","ం","0"
"ఏ","క","0"
"ఏ","ి","0"
"ఏ","త","0"
"ఏ","భ","0"
"ఏ","ా","0"
"ఏ","వ","0"
"ఏ","మ","0"
"ఏ","చ","0"
"ఏ","్","0"
"ఏ","డ","0"
"ఏ","ు","0"
"ఏ","ర","0"
"ఏ","ై","0"
"ఏ","న","0"
"ఏ","శ","0"
"ఏ","ె","0"
"ఏ","ల","0"
"ఏ","గ","0"
"ఏ","ద","0"
"ఏ","ష","0"
"ఏ","య","4"
"ఏ","ీ","0"
"ఏ","ే","0"
"ఏ","స","0"
"ఏ","ో","0"
"ఏ","ళ","0"
"ఏ","జ","0"
"ఏ","ట","0"
"ఏ","ూ","0"
"ఏ","ః","0"
"ఏ","ప","0"
"ఏ","ఖ","0"
"ఏ","ధ","0"
"ఏ","థ","0"
"ఏ","బ","0"
"ఏ","ణ","0"
"ఏ","ఠ","0"
"ఏ","ౌ","0"
"ఏ","హ","0"
"ఏ","ఞ","0"
"ఏ","ఫ","0"
"ఏ","ొ","0"
"ఏ","ృ","0"
"ఏ","ఘ","0"
"ఏ","ఆ","3"
"ఏ","ఢ","0"
"ఏ","ఇ","2"
"ఏ","ఈ","2"
"ఏ","ఉ","0"
"ఏ","ఛ","0"
"ఏ","ఊ","0"
"ఏ","ఋ","0"
"ఏ","ఎ","22"
"ఏ","ఏ","44"
"ఏ","ఱ","0"
"ఏ","ఐ","0"
"ఏ","ఒ","0"
"ఏ","ఓ","0"
"ఏ","ఔ","0"
"ఏ","ఝ","0"
"ఏ","‌","0"
"ఱ"," ","0"
"ఱ","	","0"
"ఱ","అ","0"
"ఱ","ం","0"
"ఱ","క","0"
"ఱ","ి","0"
"ఱ","త","0"
"ఱ","భ","0"
"ఱ","ా","0"
"ఱ","వ","0"
"ఱ","మ","0"
"ఱ","చ","0"
"ఱ","్","0"
"ఱ","డ","0"
"ఱ","ు","0"
"ఱ","ర","0"
"ఱ","ై","0"
"ఱ","న","0"
"ఱ","శ","0"
"ఱ","ె","0"
"ఱ","ల","0"
"ఱ","గ","0"
"ఱ","ద","0"
"ఱ","ష","0"
"ఱ","య","0"
"ఱ","ీ","0"
"ఱ","ే","0"
"ఱ","స","0"
"ఱ","ో","0"
"ఱ","ళ","0"
"ఱ","జ","0"
"ఱ","ట","0"
"ఱ","ూ","0"
"ఱ","ః","0"
"ఱ","ప","0"
"ఱ","ఖ","0"
"ఱ","ధ","0"
"ఱ","థ","0"
"ఱ","బ","0"
"ఱ","ణ","0"
"ఱ","ఠ","0"
"ఱ","ౌ","0"
"ఱ","హ","0"
"ఱ","ఞ","0"
"ఱ","ఫ","0"
"ఱ","ొ","0"
"ఱ","ృ","0"
"ఱ","ఘ","0"
"ఱ","ఆ","0"
"ఱ","ఢ","0"
"ఱ","ఇ","0"
"ఱ","ఈ","0"
"ఱ","ఉ","0"
"ఱ","ఛ","0"
"ఱ","ఊ","0"
"ఱ","ఋ","0"
"ఱ","ఎ","0"
"ఱ","ఏ","0"
"ఱ","ఱ","0"
"ఱ","ఐ","0"
"ఱ","ఒ","0"
"ఱ","ఓ","0"
"ఱ","ఔ","0"
"ఱ","ఝ","0"
"ఱ","‌","0"
"ఐ"," ","0"
"ఐ","	","0"
"ఐ","అ","0"
"ఐ","ం","0"
"ఐ","క","0"
"ఐ","ి","0"
"ఐ","త","0"
"ఐ","భ","0"
"ఐ","ా","0"
"ఐ","వ","0"
"ఐ","మ","0"
"ఐ","చ","0"
"ఐ","్","0"
"ఐ","డ","0"
"ఐ","ు","0"
"ఐ","ర","0"
"ఐ","ై","0"
"ఐ","న","0"
"ఐ","శ","0"
"ఐ","ె","0"
"ఐ","ల","0"
"ఐ","గ","0"
"ఐ","ద","0"
"ఐ","ష","0"
"ఐ","య","0"
"ఐ","ీ","0"
"ఐ","ే","0"
"ఐ","స","0"
"ఐ","ో","0"
"ఐ","ళ","0"
"ఐ","జ","0"
"ఐ","ట","0"
"ఐ","ూ","0"
"ఐ","ః","0"
"ఐ","ప","0"
"ఐ","ఖ","0"
"ఐ","ధ","0"
"ఐ","థ","0"
"ఐ","బ","0"
"ఐ","ణ","0"
"ఐ","ఠ","0"
"ఐ","ౌ","0"
"ఐ","హ","0"
"ఐ","ఞ","0"
"ఐ","ఫ","0"
"ఐ","ొ","0"
"ఐ","ృ","0"
"ఐ","ఘ","0"
"ఐ","ఆ","0"
"ఐ","ఢ","0"
"ఐ","ఇ","0"
"ఐ","ఈ","0"
"ఐ","ఉ","0"
"ఐ","ఛ","0"
"ఐ","ఊ","0"
"ఐ","ఋ","0"
"ఐ","ఎ","0"
"ఐ","ఏ","0"
"ఐ","ఱ","0"
"ఐ","ఐ","2"
"ఐ","ఒ","0"
"ఐ","ఓ","0"
"ఐ","ఔ","0"
"ఐ","ఝ","0"
"ఐ","‌","0"
"ఒ"," ","0"
"ఒ","	","0"
"ఒ","అ","0"
"ఒ","ం","0"
"ఒ","క","0"
"ఒ","ి","0"
"ఒ","త","0"
"ఒ","భ","0"
"ఒ","ా","0"
"ఒ","వ","0"
"ఒ","మ","0"
"ఒ","చ","0"
"ఒ","్","0"
"ఒ","డ","0"
"ఒ","ు","0"
"ఒ","ర","0"
"ఒ","ై","0"
"ఒ","న","0"
"ఒ","శ","0"
"ఒ","ె","0"
"ఒ","ల","0"
"ఒ","గ","0"
"ఒ","ద","0"
"ఒ","ష","0"
"ఒ","య","0"
"ఒ","ీ","0"
"ఒ","ే","0"
"ఒ","స","0"
"ఒ","ో","0"
"ఒ","ళ","0"
"ఒ","జ","0"
"ఒ","ట","0"
"ఒ","ూ","0"
"ఒ","ః","0"
"ఒ","ప","0"
"ఒ","ఖ","0"
"ఒ","ధ","0"
"ఒ","థ","0"
"ఒ","బ","0"
"ఒ","ణ","0"
"ఒ","ఠ","0"
"ఒ","ౌ","0"
"ఒ","హ","0"
"ఒ","ఞ","0"
"ఒ","ఫ","0"
"ఒ","ొ","0"
"ఒ","ృ","0"
"ఒ","ఘ","0"
"ఒ","ఆ","0"
"ఒ","ఢ","0"
"ఒ","ఇ","0"
"ఒ","ఈ","0"
"ఒ","ఉ","0"
"ఒ","ఛ","0"
"ఒ","ఊ","0"
"ఒ","ఋ","0"
"ఒ","ఎ","0"
"ఒ","ఏ","0"
"ఒ","ఱ","0"
"ఒ","ఐ","0"
"ఒ","ఒ","20"
"ఒ","ఓ","5"
"ఒ","ఔ","0"
"ఒ","ఝ","0"
"ఒ","‌","0"
"ఓ"," ","0"
"ఓ","	","0"
"ఓ","అ","0"
"ఓ","ం","0"
"ఓ","క","0"
"ఓ","ి","0"
"ఓ","త","0"
"ఓ","భ","0"
"ఓ","ా","0"
"ఓ","వ","0"
"ఓ","మ","0"
"ఓ","చ","0"
"ఓ","్","0"
"ఓ","డ","0"
"ఓ","ు","0"
"ఓ","ర","0"
"ఓ","ై","0"
"ఓ","న","0"
"ఓ","శ","0"
"ఓ","ె","0"
"ఓ","ల","0"
"ఓ","గ","0"
"ఓ","ద","0"
"ఓ","ష","0"
"ఓ","య","0"
"ఓ","ీ","0"
"ఓ","ే","0"
"ఓ","స","0"
"ఓ","ో","0"
"ఓ","ళ","0"
"ఓ","జ","0"
"ఓ","ట","0"
"ఓ","ూ","0"
"ఓ","ః","0"
"ఓ","ప","0"
"ఓ","ఖ","0"
"ఓ","ధ","0"
"ఓ","థ","0"
"ఓ","బ","0"
"ఓ","ణ","0"
"ఓ","ఠ","0"
"ఓ","ౌ","0"
"ఓ","హ","0"
"ఓ","ఞ","0"
"ఓ","ఫ","0"
"ఓ","ొ","0"
"ఓ","ృ","0"
"ఓ","ఘ","0"
"ఓ","ఆ","2"
"ఓ","ఢ","0"
"ఓ","ఇ","0"
"ఓ","ఈ","0"
"ఓ","ఉ","0"
"ఓ","ఛ","0"
"ఓ","ఊ","5"
"ఓ","ఋ","0"
"ఓ","ఎ","0"
"ఓ","ఏ","0"
"ఓ","ఱ","0"
"ఓ","ఐ","0"
"ఓ","ఒ","9"
"ఓ","ఓ","13"
"ఓ","ఔ","0"
"ఓ","ఝ","0"
"ఓ","‌","0"
"ఔ"," ","0"
"ఔ","	","0"
"ఔ","అ","0"
"ఔ","ం","0"
"ఔ","క","0"
"ఔ","ి","0"
"ఔ","త","0"
"ఔ","భ","0"
"ఔ","ా","0"
"ఔ","వ","0"
"ఔ","మ","0"
"ఔ","చ","0"
"ఔ","్","0"
"ఔ","డ","0"
"ఔ","ు","0"
"ఔ","ర","0"
"ఔ","ై","0"
"ఔ","న","0"
"ఔ","శ","0"
"ఔ","ె","0"
"ఔ","ల","0"
"ఔ","గ","0"
"ఔ","ద","0"
"ఔ","ష","0"
"ఔ","య","0"
"ఔ","ీ","0"
"ఔ","ే","0"
"ఔ","స","0"
"ఔ","ో","0"
"ఔ","ళ","0"
"ఔ","జ","0"
"ఔ","ట","0"
"ఔ","ూ","0"
"ఔ","ః","0"
"ఔ","ప","0"
"ఔ","ఖ","0"
"ఔ","ధ","0"
"ఔ","థ","0"
"ఔ","బ","0"
"ఔ","ణ","0"
"ఔ","ఠ","0"
"ఔ","ౌ","0"
"ఔ","హ","0"
"ఔ","ఞ","0"
"ఔ","ఫ","0"
"ఔ","ొ","0"
"ఔ","ృ","0"
"ఔ","ఘ","0"
"ఔ","ఆ","1"
"ఔ","ఢ","0"
"ఔ","ఇ","0"
"ఔ","ఈ","0"
"ఔ","ఉ","0"
"ఔ","ఛ","0"
"ఔ","ఊ","0"
"ఔ","ఋ","0"
"ఔ","ఎ","0"
"ఔ","ఏ","0"
"ఔ","ఱ","0"
"ఔ","ఐ","0"
"ఔ","ఒ","0"
"ఔ","ఓ","0"
"ఔ","ఔ","4"
"ఔ","ఝ","0"
"ఔ","‌","0"
"ఝ"," ","0"
"ఝ","	","0"
"ఝ","అ","0"
"ఝ","ం","0"
"ఝ","క","0"
"ఝ","ి","0"
"ఝ","త","0"
"ఝ","భ","0"
"ఝ","ా","0"
"ఝ","వ","0"
"ఝ","మ","0"
"ఝ","చ","0"
"ఝ","్","0"
"ఝ","డ","0"
"ఝ","ు","0"
"ఝ","ర","0"
"ఝ","ై","0"
"ఝ","న","0"
"ఝ","శ","0"
"ఝ","ె","0"
"ఝ","ల","0"
"ఝ","గ","0"
"ఝ","ద","0"
"ఝ","ష","0"
"ఝ","య","0"
"ఝ","ీ","0"
"ఝ","ే","0"
"ఝ","స","0"
"ఝ","ో","0"
"ఝ","ళ","0"
"ఝ","జ","0"
"ఝ","ట","0"
"ఝ","ూ","0"
"ఝ","ః","0"
"ఝ","ప","0"
"ఝ","ఖ","0"
"ఝ","ధ","0"
"ఝ","థ","0"
"ఝ","బ","0"
"ఝ","ణ","0"
"ఝ","ఠ","0"
"ఝ","ౌ","0"
"ఝ","హ","0"
"ఝ","ఞ","0"
"ఝ","ఫ","0"
"ఝ","ొ","0"
"ఝ","ృ","0"
"ఝ","ఘ","0"
"ఝ","ఆ","0"
"ఝ","ఢ","0"
"ఝ","ఇ","0"
"ఝ","ఈ","0"
"ఝ","ఉ","0"
"ఝ","ఛ","0"
"ఝ","ఊ","0"
"ఝ","ఋ","0"
"ఝ","ఎ","0"
"ఝ","ఏ","0"
"ఝ","ఱ","0"
"ఝ","ఐ","0"
"ఝ","ఒ","0"
"ఝ","ఓ","0"
"ఝ","ఔ","0"
"ఝ","ఝ","0"
"ఝ","‌","0"
"‌"," ","0"
"‌","	","0"
"‌","అ","0"
"‌","ం","0"
"‌","క","0"
"‌","ి","0"
"‌","త","0"
"‌","భ","0"
"‌","ా","0"
"‌","వ","0"
"‌","మ","0"
"‌","చ","0"
"‌","్","0"
"‌","డ","0"
"‌","ు","0"
"‌","ర","0"
"‌","ై","0"
"‌","న","0"
"‌","శ","0"
"‌","ె","0"
"‌","ల","0"
"‌","గ","0"
"‌","ద","0"
"‌","ష","0"
"‌","య","0"
"‌","ీ","0"
"‌","ే","0"
"‌","స","0"
"‌","ో","0"
"‌","ళ","0"
"‌","జ","0"
"‌","ట","0"
"‌","ూ","0"
"‌","ః","0"
"‌","ప","0"
"‌","ఖ","0"
"‌","ధ","0"
"‌","థ","0"
"‌","బ","0"
"‌","ణ","0"
"‌","ఠ","0"
"‌","ౌ","0"
"‌","హ","0"
"‌","ఞ","0"
"‌","ఫ","0"
"‌","ొ","0"
"‌","ృ","0"
"‌","ఘ","0"
"‌","ఆ","0"
"‌","ఢ","0"
"‌","ఇ","0"
"‌","ఈ","0"
"‌","ఉ","0"
"‌","ఛ","0"
"‌","ఊ","0"
"‌","ఋ","0"
"‌","ఎ","0"
"‌","ఏ","0"
"‌","ఱ","0"
"‌","ఐ","0"
"‌","ఒ","0"
"‌","ఓ","0"
"‌","ఔ","0"
"‌","ఝ","0"
"‌","‌","0"